Timestamp,FaceID,Name,Location
2024-07-24 22:40:26,0,Unknown,"(120, 196, 264, 52)"
2024-07-24 22:40:27,0,Unknown,"(120, 196, 264, 52)"
2024-07-24 22:40:27,1,ELON MUSK,"(136, 196, 280, 52)"
2024-07-24 22:40:28,0,Unknown,"(120, 196, 264, 52)"
2024-07-24 22:40:28,1,ELON MUSK,"(136, 196, 280, 52)"
2024-07-24 22:40:28,2,ELON MUSK,"(136, 196, 280, 52)"
2024-07-24 22:40:29,0,Unknown,"(120, 196, 264, 52)"
2024-07-24 22:40:29,1,ELON MUSK,"(136, 196, 280, 52)"
2024-07-24 22:40:29,2,ELON MUSK,"(136, 196, 280, 52)"
2024-07-24 22:40:29,3,ELON MUSK,"(120, 180, 264, 36)"
2024-07-24 22:40:30,0,Unknown,"(120, 196, 264, 52)"
2024-07-24 22:40:30,1,ELON MUSK,"(136, 196, 280, 52)"
2024-07-24 22:40:30,2,ELON MUSK,"(136, 196, 280, 52)"
2024-07-24 22:40:30,3,ELON MUSK,"(120, 180, 264, 36)"
2024-07-24 22:40:30,4,ELON MUSK,"(136, 180, 280, 36)"
2024-07-24 22:40:31,0,Unknown,"(120, 196, 264, 52)"
2024-07-24 22:40:31,1,ELON MUSK,"(136, 196, 280, 52)"
2024-07-24 22:40:31,2,ELON MUSK,"(136, 196, 280, 52)"
2024-07-24 22:40:31,3,ELON MUSK,"(120, 180, 264, 36)"
2024-07-24 22:40:31,4,ELON MUSK,"(136, 180, 280, 36)"
2024-07-24 22:40:32,0,Unknown,"(120, 196, 264, 52)"
2024-07-24 22:40:32,1,ELON MUSK,"(136, 196, 280, 52)"
2024-07-24 22:40:32,2,ELON MUSK,"(136, 196, 280, 52)"
2024-07-24 22:40:32,3,ELON MUSK,"(120, 180, 264, 36)"
2024-07-24 22:40:32,4,ELON MUSK,"(136, 180, 280, 36)"
2024-07-24 22:40:33,0,Unknown,"(120, 196, 264, 52)"
2024-07-24 22:40:33,1,ELON MUSK,"(136, 196, 280, 52)"
2024-07-24 22:40:33,2,ELON MUSK,"(136, 196, 280, 52)"
2024-07-24 22:40:33,3,ELON MUSK,"(120, 180, 264, 36)"
2024-07-24 22:40:33,4,ELON MUSK,"(136, 180, 280, 36)"
2024-07-24 22:40:34,0,Unknown,"(120, 196, 264, 52)"
2024-07-24 22:40:34,1,ELON MUSK,"(136, 196, 280, 52)"
2024-07-24 22:40:34,2,ELON MUSK,"(136, 196, 280, 52)"
2024-07-24 22:40:34,3,ELON MUSK,"(120, 180, 264, 36)"
2024-07-24 22:40:34,4,ELON MUSK,"(136, 180, 280, 36)"
2024-07-24 22:40:34,0,Unknown,"(120, 196, 264, 52)"
2024-07-24 22:40:34,1,ELON MUSK,"(136, 196, 280, 52)"
2024-07-24 22:40:34,2,ELON MUSK,"(136, 196, 280, 52)"
2024-07-24 22:40:34,3,ELON MUSK,"(120, 180, 264, 36)"
2024-07-24 22:40:34,4,ELON MUSK,"(136, 180, 280, 36)"
2024-07-24 22:40:34,0,Unknown,"(120, 196, 264, 52)"
2024-07-24 22:40:34,1,ELON MUSK,"(136, 196, 280, 52)"
2024-07-24 22:40:34,2,ELON MUSK,"(136, 196, 280, 52)"
2024-07-24 22:40:34,3,ELON MUSK,"(120, 180, 264, 36)"
2024-07-24 22:40:34,4,ELON MUSK,"(136, 180, 280, 36)"
2024-07-24 22:40:34,0,Unknown,"(120, 196, 264, 52)"
2024-07-24 22:40:34,1,ELON MUSK,"(136, 196, 280, 52)"
2024-07-24 22:40:34,2,ELON MUSK,"(136, 196, 280, 52)"
2024-07-24 22:40:34,3,ELON MUSK,"(120, 180, 264, 36)"
2024-07-24 22:40:34,4,ELON MUSK,"(136, 180, 280, 36)"
2024-07-24 22:40:34,0,Unknown,"(120, 196, 264, 52)"
2024-07-24 22:40:34,1,ELON MUSK,"(136, 196, 280, 52)"
2024-07-24 22:40:34,2,ELON MUSK,"(136, 196, 280, 52)"
2024-07-24 22:40:34,3,ELON MUSK,"(120, 180, 264, 36)"
2024-07-24 22:40:34,4,ELON MUSK,"(136, 180, 280, 36)"
2024-07-24 22:40:34,0,Unknown,"(120, 196, 264, 52)"
2024-07-24 22:40:34,1,ELON MUSK,"(136, 196, 280, 52)"
2024-07-24 22:40:34,2,ELON MUSK,"(136, 196, 280, 52)"
2024-07-24 22:40:34,3,ELON MUSK,"(120, 180, 264, 36)"
2024-07-24 22:40:34,4,ELON MUSK,"(136, 180, 280, 36)"
2024-07-24 22:40:34,0,Unknown,"(120, 196, 264, 52)"
2024-07-24 22:40:34,1,ELON MUSK,"(136, 196, 280, 52)"
2024-07-24 22:40:34,2,ELON MUSK,"(136, 196, 280, 52)"
2024-07-24 22:40:34,3,ELON MUSK,"(120, 180, 264, 36)"
2024-07-24 22:40:34,4,ELON MUSK,"(136, 180, 280, 36)"
2024-07-24 22:40:35,0,Unknown,"(120, 196, 264, 52)"
2024-07-24 22:40:35,1,ELON MUSK,"(136, 196, 280, 52)"
2024-07-24 22:40:35,2,ELON MUSK,"(136, 196, 280, 52)"
2024-07-24 22:40:35,3,ELON MUSK,"(120, 180, 264, 36)"
2024-07-24 22:40:35,4,ELON MUSK,"(136, 180, 280, 36)"
2024-07-24 22:40:35,0,Unknown,"(120, 196, 264, 52)"
2024-07-24 22:40:35,1,ELON MUSK,"(136, 196, 280, 52)"
2024-07-24 22:40:35,2,ELON MUSK,"(136, 196, 280, 52)"
2024-07-24 22:40:35,3,ELON MUSK,"(120, 180, 264, 36)"
2024-07-24 22:40:35,4,ELON MUSK,"(136, 180, 280, 36)"
2024-07-24 22:40:35,0,Unknown,"(120, 196, 264, 52)"
2024-07-24 22:40:35,1,ELON MUSK,"(136, 196, 280, 52)"
2024-07-24 22:40:35,2,ELON MUSK,"(136, 196, 280, 52)"
2024-07-24 22:40:35,3,ELON MUSK,"(120, 180, 264, 36)"
2024-07-24 22:40:35,4,ELON MUSK,"(136, 180, 280, 36)"
2024-07-24 22:40:35,0,Unknown,"(120, 196, 264, 52)"
2024-07-24 22:40:35,1,ELON MUSK,"(136, 196, 280, 52)"
2024-07-24 22:40:35,2,ELON MUSK,"(136, 196, 280, 52)"
2024-07-24 22:40:35,3,ELON MUSK,"(120, 180, 264, 36)"
2024-07-24 22:40:35,4,ELON MUSK,"(136, 180, 280, 36)"
2024-07-24 22:40:35,0,Unknown,"(120, 196, 264, 52)"
2024-07-24 22:40:35,1,ELON MUSK,"(136, 196, 280, 52)"
2024-07-24 22:40:35,2,ELON MUSK,"(136, 196, 280, 52)"
2024-07-24 22:40:35,3,ELON MUSK,"(120, 180, 264, 36)"
2024-07-24 22:40:35,4,ELON MUSK,"(136, 180, 280, 36)"
2024-07-24 22:40:35,0,Unknown,"(120, 196, 264, 52)"
2024-07-24 22:40:35,1,ELON MUSK,"(136, 196, 280, 52)"
2024-07-24 22:40:35,2,ELON MUSK,"(136, 196, 280, 52)"
2024-07-24 22:40:35,3,ELON MUSK,"(120, 180, 264, 36)"
2024-07-24 22:40:35,4,ELON MUSK,"(136, 180, 280, 36)"
2024-07-24 22:40:35,0,Unknown,"(120, 196, 264, 52)"
2024-07-24 22:40:35,1,ELON MUSK,"(136, 196, 280, 52)"
2024-07-24 22:40:35,2,ELON MUSK,"(136, 196, 280, 52)"
2024-07-24 22:40:35,3,ELON MUSK,"(120, 180, 264, 36)"
2024-07-24 22:40:35,4,ELON MUSK,"(136, 180, 280, 36)"
2024-07-24 22:40:35,0,Unknown,"(120, 196, 264, 52)"
2024-07-24 22:40:35,1,ELON MUSK,"(136, 196, 280, 52)"
2024-07-24 22:40:35,2,ELON MUSK,"(136, 196, 280, 52)"
2024-07-24 22:40:35,3,ELON MUSK,"(120, 180, 264, 36)"
2024-07-24 22:40:35,4,ELON MUSK,"(136, 180, 280, 36)"
2024-07-24 22:40:36,0,Unknown,"(120, 196, 264, 52)"
2024-07-24 22:40:36,1,ELON MUSK,"(136, 196, 280, 52)"
2024-07-24 22:40:36,2,ELON MUSK,"(136, 196, 280, 52)"
2024-07-24 22:40:36,3,ELON MUSK,"(120, 180, 264, 36)"
2024-07-24 22:40:36,4,ELON MUSK,"(136, 180, 280, 36)"
2024-07-24 22:40:36,0,Unknown,"(120, 196, 264, 52)"
2024-07-24 22:40:36,1,ELON MUSK,"(136, 196, 280, 52)"
2024-07-24 22:40:36,2,ELON MUSK,"(136, 196, 280, 52)"
2024-07-24 22:40:36,3,ELON MUSK,"(120, 180, 264, 36)"
2024-07-24 22:40:36,4,ELON MUSK,"(136, 180, 280, 36)"
2024-07-24 22:40:36,0,Unknown,"(120, 196, 264, 52)"
2024-07-24 22:40:36,1,ELON MUSK,"(136, 196, 280, 52)"
2024-07-24 22:40:36,2,ELON MUSK,"(136, 196, 280, 52)"
2024-07-24 22:40:36,3,ELON MUSK,"(120, 180, 264, 36)"
2024-07-24 22:40:36,4,ELON MUSK,"(136, 180, 280, 36)"
2024-07-24 22:40:36,0,Unknown,"(120, 196, 264, 52)"
2024-07-24 22:40:36,1,ELON MUSK,"(136, 196, 280, 52)"
2024-07-24 22:40:36,2,ELON MUSK,"(136, 196, 280, 52)"
2024-07-24 22:40:36,3,ELON MUSK,"(120, 180, 264, 36)"
2024-07-24 22:40:36,4,ELON MUSK,"(136, 180, 280, 36)"
2024-07-24 22:40:36,0,Unknown,"(120, 196, 264, 52)"
2024-07-24 22:40:36,1,ELON MUSK,"(136, 196, 280, 52)"
2024-07-24 22:40:36,2,ELON MUSK,"(136, 196, 280, 52)"
2024-07-24 22:40:36,3,ELON MUSK,"(120, 180, 264, 36)"
2024-07-24 22:40:36,4,ELON MUSK,"(136, 180, 280, 36)"
2024-07-24 22:40:36,0,Unknown,"(120, 196, 264, 52)"
2024-07-24 22:40:36,1,ELON MUSK,"(136, 196, 280, 52)"
2024-07-24 22:40:36,2,ELON MUSK,"(136, 196, 280, 52)"
2024-07-24 22:40:36,3,ELON MUSK,"(120, 180, 264, 36)"
2024-07-24 22:40:36,4,ELON MUSK,"(136, 180, 280, 36)"
2024-07-24 22:40:36,0,Unknown,"(120, 196, 264, 52)"
2024-07-24 22:40:36,1,ELON MUSK,"(136, 196, 280, 52)"
2024-07-24 22:40:36,2,ELON MUSK,"(136, 196, 280, 52)"
2024-07-24 22:40:36,3,ELON MUSK,"(120, 180, 264, 36)"
2024-07-24 22:40:36,4,ELON MUSK,"(136, 180, 280, 36)"
2024-07-24 22:40:36,0,Unknown,"(120, 196, 264, 52)"
2024-07-24 22:40:36,1,ELON MUSK,"(136, 196, 280, 52)"
2024-07-24 22:40:36,2,ELON MUSK,"(136, 196, 280, 52)"
2024-07-24 22:40:36,3,ELON MUSK,"(120, 180, 264, 36)"
2024-07-24 22:40:36,4,ELON MUSK,"(136, 180, 280, 36)"
2024-07-24 22:40:36,0,Unknown,"(120, 196, 264, 52)"
2024-07-24 22:40:36,1,ELON MUSK,"(136, 196, 280, 52)"
2024-07-24 22:40:36,2,ELON MUSK,"(136, 196, 280, 52)"
2024-07-24 22:40:36,3,ELON MUSK,"(120, 180, 264, 36)"
2024-07-24 22:40:36,4,ELON MUSK,"(136, 180, 280, 36)"
2024-07-24 22:40:36,0,Unknown,"(120, 196, 264, 52)"
2024-07-24 22:40:36,1,ELON MUSK,"(136, 196, 280, 52)"
2024-07-24 22:40:36,2,ELON MUSK,"(136, 196, 280, 52)"
2024-07-24 22:40:36,3,ELON MUSK,"(120, 180, 264, 36)"
2024-07-24 22:40:36,4,ELON MUSK,"(136, 180, 280, 36)"
2024-07-24 22:40:36,0,Unknown,"(120, 196, 264, 52)"
2024-07-24 22:40:36,1,ELON MUSK,"(136, 196, 280, 52)"
2024-07-24 22:40:36,2,ELON MUSK,"(136, 196, 280, 52)"
2024-07-24 22:40:36,3,ELON MUSK,"(120, 180, 264, 36)"
2024-07-24 22:40:36,4,ELON MUSK,"(136, 180, 280, 36)"
2024-07-24 22:40:37,0,Unknown,"(120, 196, 264, 52)"
2024-07-24 22:40:37,1,ELON MUSK,"(136, 196, 280, 52)"
2024-07-24 22:40:37,2,ELON MUSK,"(136, 196, 280, 52)"
2024-07-24 22:40:37,3,ELON MUSK,"(120, 180, 264, 36)"
2024-07-24 22:40:37,4,ELON MUSK,"(136, 180, 280, 36)"
2024-07-24 22:40:37,0,Unknown,"(120, 196, 264, 52)"
2024-07-24 22:40:37,1,ELON MUSK,"(136, 196, 280, 52)"
2024-07-24 22:40:37,2,ELON MUSK,"(136, 196, 280, 52)"
2024-07-24 22:40:37,3,ELON MUSK,"(120, 180, 264, 36)"
2024-07-24 22:40:37,4,ELON MUSK,"(136, 180, 280, 36)"
2024-07-24 22:40:37,0,Unknown,"(120, 196, 264, 52)"
2024-07-24 22:40:37,1,ELON MUSK,"(136, 196, 280, 52)"
2024-07-24 22:40:37,2,ELON MUSK,"(136, 196, 280, 52)"
2024-07-24 22:40:37,3,ELON MUSK,"(120, 180, 264, 36)"
2024-07-24 22:40:37,4,ELON MUSK,"(136, 180, 280, 36)"
2024-07-24 22:40:37,0,Unknown,"(120, 196, 264, 52)"
2024-07-24 22:40:37,1,ELON MUSK,"(136, 196, 280, 52)"
2024-07-24 22:40:37,2,ELON MUSK,"(136, 196, 280, 52)"
2024-07-24 22:40:37,3,ELON MUSK,"(120, 180, 264, 36)"
2024-07-24 22:40:37,4,ELON MUSK,"(136, 180, 280, 36)"
2024-07-24 22:40:37,0,Unknown,"(120, 196, 264, 52)"
2024-07-24 22:40:37,1,ELON MUSK,"(136, 196, 280, 52)"
2024-07-24 22:40:37,2,ELON MUSK,"(136, 196, 280, 52)"
2024-07-24 22:40:37,3,ELON MUSK,"(120, 180, 264, 36)"
2024-07-24 22:40:37,4,ELON MUSK,"(136, 180, 280, 36)"
2024-07-24 22:40:37,0,Unknown,"(120, 196, 264, 52)"
2024-07-24 22:40:37,1,ELON MUSK,"(136, 196, 280, 52)"
2024-07-24 22:40:37,2,ELON MUSK,"(136, 196, 280, 52)"
2024-07-24 22:40:37,3,ELON MUSK,"(120, 180, 264, 36)"
2024-07-24 22:40:37,4,ELON MUSK,"(136, 180, 280, 36)"
2024-07-24 22:40:37,0,Unknown,"(120, 196, 264, 52)"
2024-07-24 22:40:37,1,ELON MUSK,"(136, 196, 280, 52)"
2024-07-24 22:40:37,2,ELON MUSK,"(136, 196, 280, 52)"
2024-07-24 22:40:37,3,ELON MUSK,"(120, 180, 264, 36)"
2024-07-24 22:40:37,4,ELON MUSK,"(136, 180, 280, 36)"
2024-07-24 22:40:37,0,Unknown,"(120, 196, 264, 52)"
2024-07-24 22:40:37,1,ELON MUSK,"(136, 196, 280, 52)"
2024-07-24 22:40:37,2,ELON MUSK,"(136, 196, 280, 52)"
2024-07-24 22:40:37,3,ELON MUSK,"(120, 180, 264, 36)"
2024-07-24 22:40:37,4,ELON MUSK,"(136, 180, 280, 36)"
2024-07-24 22:40:37,0,Unknown,"(120, 196, 264, 52)"
2024-07-24 22:40:37,1,ELON MUSK,"(136, 196, 280, 52)"
2024-07-24 22:40:37,2,ELON MUSK,"(136, 196, 280, 52)"
2024-07-24 22:40:37,3,ELON MUSK,"(120, 180, 264, 36)"
2024-07-24 22:40:37,4,ELON MUSK,"(136, 180, 280, 36)"
2024-07-24 22:40:37,0,Unknown,"(120, 196, 264, 52)"
2024-07-24 22:40:37,1,ELON MUSK,"(136, 196, 280, 52)"
2024-07-24 22:40:37,2,ELON MUSK,"(136, 196, 280, 52)"
2024-07-24 22:40:37,3,ELON MUSK,"(120, 180, 264, 36)"
2024-07-24 22:40:37,4,ELON MUSK,"(136, 180, 280, 36)"
2024-07-24 22:40:37,0,Unknown,"(120, 196, 264, 52)"
2024-07-24 22:40:37,1,ELON MUSK,"(136, 196, 280, 52)"
2024-07-24 22:40:37,2,ELON MUSK,"(136, 196, 280, 52)"
2024-07-24 22:40:37,3,ELON MUSK,"(120, 180, 264, 36)"
2024-07-24 22:40:37,4,ELON MUSK,"(136, 180, 280, 36)"
2024-07-24 22:40:37,0,Unknown,"(120, 196, 264, 52)"
2024-07-24 22:40:37,1,ELON MUSK,"(136, 196, 280, 52)"
2024-07-24 22:40:37,2,ELON MUSK,"(136, 196, 280, 52)"
2024-07-24 22:40:37,3,ELON MUSK,"(120, 180, 264, 36)"
2024-07-24 22:40:37,4,ELON MUSK,"(136, 180, 280, 36)"
2024-07-24 22:40:37,0,Unknown,"(120, 196, 264, 52)"
2024-07-24 22:40:37,1,ELON MUSK,"(136, 196, 280, 52)"
2024-07-24 22:40:37,2,ELON MUSK,"(136, 196, 280, 52)"
2024-07-24 22:40:37,3,ELON MUSK,"(120, 180, 264, 36)"
2024-07-24 22:40:37,4,ELON MUSK,"(136, 180, 280, 36)"
2024-07-24 22:40:37,0,Unknown,"(120, 196, 264, 52)"
2024-07-24 22:40:37,1,ELON MUSK,"(136, 196, 280, 52)"
2024-07-24 22:40:37,2,ELON MUSK,"(136, 196, 280, 52)"
2024-07-24 22:40:37,3,ELON MUSK,"(120, 180, 264, 36)"
2024-07-24 22:40:37,4,ELON MUSK,"(136, 180, 280, 36)"
2024-07-24 22:40:37,0,Unknown,"(120, 196, 264, 52)"
2024-07-24 22:40:37,1,ELON MUSK,"(136, 196, 280, 52)"
2024-07-24 22:40:37,2,ELON MUSK,"(136, 196, 280, 52)"
2024-07-24 22:40:37,3,ELON MUSK,"(120, 180, 264, 36)"
2024-07-24 22:40:37,4,ELON MUSK,"(136, 180, 280, 36)"
2024-07-24 22:40:37,0,Unknown,"(120, 196, 264, 52)"
2024-07-24 22:40:37,1,ELON MUSK,"(136, 196, 280, 52)"
2024-07-24 22:40:37,2,ELON MUSK,"(136, 196, 280, 52)"
2024-07-24 22:40:37,3,ELON MUSK,"(120, 180, 264, 36)"
2024-07-24 22:40:37,4,ELON MUSK,"(136, 180, 280, 36)"
2024-07-24 22:40:37,0,Unknown,"(120, 196, 264, 52)"
2024-07-24 22:40:37,1,ELON MUSK,"(136, 196, 280, 52)"
2024-07-24 22:40:37,2,ELON MUSK,"(136, 196, 280, 52)"
2024-07-24 22:40:37,3,ELON MUSK,"(120, 180, 264, 36)"
2024-07-24 22:40:37,4,ELON MUSK,"(136, 180, 280, 36)"
2024-07-24 22:40:37,0,Unknown,"(120, 196, 264, 52)"
2024-07-24 22:40:37,1,ELON MUSK,"(136, 196, 280, 52)"
2024-07-24 22:40:37,2,ELON MUSK,"(136, 196, 280, 52)"
2024-07-24 22:40:37,3,ELON MUSK,"(120, 180, 264, 36)"
2024-07-24 22:40:37,4,ELON MUSK,"(136, 180, 280, 36)"
2024-07-24 22:40:37,0,Unknown,"(120, 196, 264, 52)"
2024-07-24 22:40:37,1,ELON MUSK,"(136, 196, 280, 52)"
2024-07-24 22:40:37,2,ELON MUSK,"(136, 196, 280, 52)"
2024-07-24 22:40:37,3,ELON MUSK,"(120, 180, 264, 36)"
2024-07-24 22:40:37,4,ELON MUSK,"(136, 180, 280, 36)"
2024-07-24 22:40:37,0,Unknown,"(120, 196, 264, 52)"
2024-07-24 22:40:37,1,ELON MUSK,"(136, 196, 280, 52)"
2024-07-24 22:40:37,2,ELON MUSK,"(136, 196, 280, 52)"
2024-07-24 22:40:37,3,ELON MUSK,"(120, 180, 264, 36)"
2024-07-24 22:40:37,4,ELON MUSK,"(136, 180, 280, 36)"
2024-07-24 22:40:37,0,Unknown,"(120, 196, 264, 52)"
2024-07-24 22:40:37,1,ELON MUSK,"(136, 196, 280, 52)"
2024-07-24 22:40:37,2,ELON MUSK,"(136, 196, 280, 52)"
2024-07-24 22:40:37,3,ELON MUSK,"(120, 180, 264, 36)"
2024-07-24 22:40:37,4,ELON MUSK,"(136, 180, 280, 36)"
2024-07-24 22:40:37,0,Unknown,"(120, 196, 264, 52)"
2024-07-24 22:40:37,1,ELON MUSK,"(136, 196, 280, 52)"
2024-07-24 22:40:37,2,ELON MUSK,"(136, 196, 280, 52)"
2024-07-24 22:40:37,3,ELON MUSK,"(120, 180, 264, 36)"
2024-07-24 22:40:37,4,ELON MUSK,"(136, 180, 280, 36)"
2024-07-24 22:40:37,0,Unknown,"(120, 196, 264, 52)"
2024-07-24 22:40:37,1,ELON MUSK,"(136, 196, 280, 52)"
2024-07-24 22:40:37,2,ELON MUSK,"(136, 196, 280, 52)"
2024-07-24 22:40:37,3,ELON MUSK,"(120, 180, 264, 36)"
2024-07-24 22:40:37,4,ELON MUSK,"(136, 180, 280, 36)"
2024-07-24 22:40:37,0,Unknown,"(120, 196, 264, 52)"
2024-07-24 22:40:37,1,ELON MUSK,"(136, 196, 280, 52)"
2024-07-24 22:40:37,2,ELON MUSK,"(136, 196, 280, 52)"
2024-07-24 22:40:37,3,ELON MUSK,"(120, 180, 264, 36)"
2024-07-24 22:40:37,4,ELON MUSK,"(136, 180, 280, 36)"
2024-07-24 22:40:37,0,Unknown,"(120, 196, 264, 52)"
2024-07-24 22:40:37,1,ELON MUSK,"(136, 196, 280, 52)"
2024-07-24 22:40:37,2,ELON MUSK,"(136, 196, 280, 52)"
2024-07-24 22:40:37,3,ELON MUSK,"(120, 180, 264, 36)"
2024-07-24 22:40:38,4,ELON MUSK,"(136, 180, 280, 36)"
2024-07-24 22:40:38,0,Unknown,"(120, 196, 264, 52)"
2024-07-24 22:40:38,1,ELON MUSK,"(136, 196, 280, 52)"
2024-07-24 22:40:38,2,ELON MUSK,"(136, 196, 280, 52)"
2024-07-24 22:40:38,3,ELON MUSK,"(120, 180, 264, 36)"
2024-07-24 22:40:38,4,ELON MUSK,"(136, 180, 280, 36)"
2024-07-24 22:40:38,0,Unknown,"(120, 196, 264, 52)"
2024-07-24 22:40:38,1,ELON MUSK,"(136, 196, 280, 52)"
2024-07-24 22:40:38,2,ELON MUSK,"(136, 196, 280, 52)"
2024-07-24 22:40:38,3,ELON MUSK,"(120, 180, 264, 36)"
2024-07-24 22:40:38,4,ELON MUSK,"(136, 180, 280, 36)"
2024-07-24 22:40:38,0,Unknown,"(120, 196, 264, 52)"
2024-07-24 22:40:38,1,ELON MUSK,"(136, 196, 280, 52)"
2024-07-24 22:40:38,2,ELON MUSK,"(136, 196, 280, 52)"
2024-07-24 22:40:38,3,ELON MUSK,"(120, 180, 264, 36)"
2024-07-24 22:40:38,4,ELON MUSK,"(136, 180, 280, 36)"
2024-07-24 22:40:38,0,Unknown,"(120, 196, 264, 52)"
2024-07-24 22:40:38,1,ELON MUSK,"(136, 196, 280, 52)"
2024-07-24 22:40:38,2,ELON MUSK,"(136, 196, 280, 52)"
2024-07-24 22:40:38,3,ELON MUSK,"(120, 180, 264, 36)"
2024-07-24 22:40:38,4,ELON MUSK,"(136, 180, 280, 36)"
2024-07-24 22:40:38,0,Unknown,"(120, 196, 264, 52)"
2024-07-24 22:40:38,1,ELON MUSK,"(136, 196, 280, 52)"
2024-07-24 22:40:38,2,ELON MUSK,"(136, 196, 280, 52)"
2024-07-24 22:40:38,3,ELON MUSK,"(120, 180, 264, 36)"
2024-07-24 22:40:38,4,ELON MUSK,"(136, 180, 280, 36)"
2024-07-24 22:40:38,0,Unknown,"(120, 196, 264, 52)"
2024-07-24 22:40:38,1,ELON MUSK,"(136, 196, 280, 52)"
2024-07-24 22:40:38,2,ELON MUSK,"(136, 196, 280, 52)"
2024-07-24 22:40:38,3,ELON MUSK,"(120, 180, 264, 36)"
2024-07-24 22:40:38,4,ELON MUSK,"(136, 180, 280, 36)"
2024-07-24 22:40:38,0,Unknown,"(120, 196, 264, 52)"
2024-07-24 22:40:38,1,ELON MUSK,"(136, 196, 280, 52)"
2024-07-24 22:40:38,2,ELON MUSK,"(136, 196, 280, 52)"
2024-07-24 22:40:38,3,ELON MUSK,"(120, 180, 264, 36)"
2024-07-24 22:40:38,4,ELON MUSK,"(136, 180, 280, 36)"
2024-07-24 22:40:38,0,Unknown,"(120, 196, 264, 52)"
2024-07-24 22:40:38,1,ELON MUSK,"(136, 196, 280, 52)"
2024-07-24 22:40:38,2,ELON MUSK,"(136, 196, 280, 52)"
2024-07-24 22:40:38,3,ELON MUSK,"(120, 180, 264, 36)"
2024-07-24 22:40:38,4,ELON MUSK,"(136, 180, 280, 36)"
2024-07-24 22:40:38,0,Unknown,"(120, 196, 264, 52)"
2024-07-24 22:40:38,1,ELON MUSK,"(136, 196, 280, 52)"
2024-07-24 22:40:38,2,ELON MUSK,"(136, 196, 280, 52)"
2024-07-24 22:40:38,3,ELON MUSK,"(120, 180, 264, 36)"
2024-07-24 22:40:38,4,ELON MUSK,"(136, 180, 280, 36)"
2024-07-24 22:40:38,0,Unknown,"(120, 196, 264, 52)"
2024-07-24 22:40:38,1,ELON MUSK,"(136, 196, 280, 52)"
2024-07-24 22:40:38,2,ELON MUSK,"(136, 196, 280, 52)"
2024-07-24 22:40:38,3,ELON MUSK,"(120, 180, 264, 36)"
2024-07-24 22:40:38,4,ELON MUSK,"(136, 180, 280, 36)"
2024-07-24 22:40:38,0,Unknown,"(120, 196, 264, 52)"
2024-07-24 22:40:38,1,ELON MUSK,"(136, 196, 280, 52)"
2024-07-24 22:40:38,2,ELON MUSK,"(136, 196, 280, 52)"
2024-07-24 22:40:38,3,ELON MUSK,"(120, 180, 264, 36)"
2024-07-24 22:40:38,4,ELON MUSK,"(136, 180, 280, 36)"
2024-07-24 22:40:38,0,Unknown,"(120, 196, 264, 52)"
2024-07-24 22:40:38,1,ELON MUSK,"(136, 196, 280, 52)"
2024-07-24 22:40:38,2,ELON MUSK,"(136, 196, 280, 52)"
2024-07-24 22:40:38,3,ELON MUSK,"(120, 180, 264, 36)"
2024-07-24 22:40:38,4,ELON MUSK,"(136, 180, 280, 36)"
2024-07-24 22:40:38,0,Unknown,"(120, 196, 264, 52)"
2024-07-24 22:40:38,1,ELON MUSK,"(136, 196, 280, 52)"
2024-07-24 22:40:38,2,ELON MUSK,"(136, 196, 280, 52)"
2024-07-24 22:40:38,3,ELON MUSK,"(120, 180, 264, 36)"
2024-07-24 22:40:38,4,ELON MUSK,"(136, 180, 280, 36)"
2024-07-24 22:40:38,0,Unknown,"(120, 196, 264, 52)"
2024-07-24 22:40:38,1,ELON MUSK,"(136, 196, 280, 52)"
2024-07-24 22:40:38,2,ELON MUSK,"(136, 196, 280, 52)"
2024-07-24 22:40:38,3,ELON MUSK,"(120, 180, 264, 36)"
2024-07-24 22:40:38,4,ELON MUSK,"(136, 180, 280, 36)"
2024-07-24 22:40:38,0,Unknown,"(120, 196, 264, 52)"
2024-07-24 22:40:38,1,ELON MUSK,"(136, 196, 280, 52)"
2024-07-24 22:40:38,2,ELON MUSK,"(136, 196, 280, 52)"
2024-07-24 22:40:38,3,ELON MUSK,"(120, 180, 264, 36)"
2024-07-24 22:40:38,4,ELON MUSK,"(136, 180, 280, 36)"
2024-07-24 22:40:38,0,Unknown,"(120, 196, 264, 52)"
2024-07-24 22:40:38,1,ELON MUSK,"(136, 196, 280, 52)"
2024-07-24 22:40:38,2,ELON MUSK,"(136, 196, 280, 52)"
2024-07-24 22:40:38,3,ELON MUSK,"(120, 180, 264, 36)"
2024-07-24 22:40:38,4,ELON MUSK,"(136, 180, 280, 36)"
2024-07-24 22:40:38,0,Unknown,"(120, 196, 264, 52)"
2024-07-24 22:40:38,1,ELON MUSK,"(136, 196, 280, 52)"
2024-07-24 22:40:38,2,ELON MUSK,"(136, 196, 280, 52)"
2024-07-24 22:40:38,3,ELON MUSK,"(120, 180, 264, 36)"
2024-07-24 22:40:38,4,ELON MUSK,"(136, 180, 280, 36)"
2024-07-24 22:40:38,0,Unknown,"(120, 196, 264, 52)"
2024-07-24 22:40:38,1,ELON MUSK,"(136, 196, 280, 52)"
2024-07-24 22:40:38,2,ELON MUSK,"(136, 196, 280, 52)"
2024-07-24 22:40:38,3,ELON MUSK,"(120, 180, 264, 36)"
2024-07-24 22:40:38,4,ELON MUSK,"(136, 180, 280, 36)"
2024-07-24 22:40:38,0,Unknown,"(120, 196, 264, 52)"
2024-07-24 22:40:38,1,ELON MUSK,"(136, 196, 280, 52)"
2024-07-24 22:40:38,2,ELON MUSK,"(136, 196, 280, 52)"
2024-07-24 22:40:38,3,ELON MUSK,"(120, 180, 264, 36)"
2024-07-24 22:40:38,4,ELON MUSK,"(136, 180, 280, 36)"
2024-07-24 22:40:38,0,Unknown,"(120, 196, 264, 52)"
2024-07-24 22:40:38,1,ELON MUSK,"(136, 196, 280, 52)"
2024-07-24 22:40:38,2,ELON MUSK,"(136, 196, 280, 52)"
2024-07-24 22:40:38,3,ELON MUSK,"(120, 180, 264, 36)"
2024-07-24 22:40:38,4,ELON MUSK,"(136, 180, 280, 36)"
2024-07-24 22:40:39,0,Unknown,"(120, 196, 264, 52)"
2024-07-24 22:40:39,1,ELON MUSK,"(136, 196, 280, 52)"
2024-07-24 22:40:39,2,ELON MUSK,"(136, 196, 280, 52)"
2024-07-24 22:40:39,3,ELON MUSK,"(120, 180, 264, 36)"
2024-07-24 22:40:39,4,ELON MUSK,"(136, 180, 280, 36)"
2024-07-24 22:40:39,0,Unknown,"(120, 196, 264, 52)"
2024-07-24 22:40:39,1,ELON MUSK,"(136, 196, 280, 52)"
2024-07-24 22:40:39,2,ELON MUSK,"(136, 196, 280, 52)"
2024-07-24 22:40:39,3,ELON MUSK,"(120, 180, 264, 36)"
2024-07-24 22:40:39,4,ELON MUSK,"(136, 180, 280, 36)"
2024-07-24 22:40:39,0,Unknown,"(120, 196, 264, 52)"
2024-07-24 22:40:39,1,ELON MUSK,"(136, 196, 280, 52)"
2024-07-24 22:40:39,2,ELON MUSK,"(136, 196, 280, 52)"
2024-07-24 22:40:39,3,ELON MUSK,"(120, 180, 264, 36)"
2024-07-24 22:40:39,4,ELON MUSK,"(136, 180, 280, 36)"
2024-07-24 22:40:39,0,Unknown,"(120, 196, 264, 52)"
2024-07-24 22:40:39,1,ELON MUSK,"(136, 196, 280, 52)"
2024-07-24 22:40:39,2,ELON MUSK,"(136, 196, 280, 52)"
2024-07-24 22:40:39,3,ELON MUSK,"(120, 180, 264, 36)"
2024-07-24 22:40:39,4,ELON MUSK,"(136, 180, 280, 36)"
2024-07-24 22:40:39,0,Unknown,"(120, 196, 264, 52)"
2024-07-24 22:40:39,1,ELON MUSK,"(136, 196, 280, 52)"
2024-07-24 22:40:39,2,ELON MUSK,"(136, 196, 280, 52)"
2024-07-24 22:40:39,3,ELON MUSK,"(120, 180, 264, 36)"
2024-07-24 22:40:39,4,ELON MUSK,"(136, 180, 280, 36)"
2024-07-24 22:40:39,0,Unknown,"(120, 196, 264, 52)"
2024-07-24 22:40:39,1,ELON MUSK,"(136, 196, 280, 52)"
2024-07-24 22:40:39,2,ELON MUSK,"(136, 196, 280, 52)"
2024-07-24 22:40:39,3,ELON MUSK,"(120, 180, 264, 36)"
2024-07-24 22:40:39,4,ELON MUSK,"(136, 180, 280, 36)"
2024-07-24 22:40:39,0,Unknown,"(120, 196, 264, 52)"
2024-07-24 22:40:39,1,ELON MUSK,"(136, 196, 280, 52)"
2024-07-24 22:40:39,2,ELON MUSK,"(136, 196, 280, 52)"
2024-07-24 22:40:39,3,ELON MUSK,"(120, 180, 264, 36)"
2024-07-24 22:40:39,4,ELON MUSK,"(136, 180, 280, 36)"
2024-07-24 22:40:39,1,ELON MUSK,"(136, 196, 280, 52)"
2024-07-24 22:40:39,2,ELON MUSK,"(136, 196, 280, 52)"
2024-07-24 22:40:39,3,ELON MUSK,"(120, 180, 264, 36)"
2024-07-24 22:40:39,4,ELON MUSK,"(136, 180, 280, 36)"
2024-07-24 22:40:39,1,ELON MUSK,"(136, 196, 280, 52)"
2024-07-24 22:40:39,2,ELON MUSK,"(136, 196, 280, 52)"
2024-07-24 22:40:39,3,ELON MUSK,"(120, 180, 264, 36)"
2024-07-24 22:40:39,4,ELON MUSK,"(136, 180, 280, 36)"
2024-07-24 22:40:39,1,ELON MUSK,"(136, 196, 280, 52)"
2024-07-24 22:40:39,2,ELON MUSK,"(136, 196, 280, 52)"
2024-07-24 22:40:39,3,ELON MUSK,"(120, 180, 264, 36)"
2024-07-24 22:40:39,4,ELON MUSK,"(136, 180, 280, 36)"
2024-07-24 22:40:39,1,ELON MUSK,"(136, 196, 280, 52)"
2024-07-24 22:40:39,2,ELON MUSK,"(136, 196, 280, 52)"
2024-07-24 22:40:39,3,ELON MUSK,"(120, 180, 264, 36)"
2024-07-24 22:40:39,4,ELON MUSK,"(136, 180, 280, 36)"
2024-07-24 22:40:39,1,ELON MUSK,"(136, 196, 280, 52)"
2024-07-24 22:40:39,2,ELON MUSK,"(136, 196, 280, 52)"
2024-07-24 22:40:39,3,ELON MUSK,"(120, 180, 264, 36)"
2024-07-24 22:40:39,4,ELON MUSK,"(136, 180, 280, 36)"
2024-07-24 22:40:39,1,ELON MUSK,"(136, 196, 280, 52)"
2024-07-24 22:40:39,2,ELON MUSK,"(136, 196, 280, 52)"
2024-07-24 22:40:39,3,ELON MUSK,"(120, 180, 264, 36)"
2024-07-24 22:40:39,4,ELON MUSK,"(136, 180, 280, 36)"
2024-07-24 22:40:39,1,ELON MUSK,"(136, 196, 280, 52)"
2024-07-24 22:40:39,2,ELON MUSK,"(136, 196, 280, 52)"
2024-07-24 22:40:39,3,ELON MUSK,"(120, 180, 264, 36)"
2024-07-24 22:40:39,4,ELON MUSK,"(136, 180, 280, 36)"
2024-07-24 22:40:39,1,ELON MUSK,"(136, 196, 280, 52)"
2024-07-24 22:40:39,2,ELON MUSK,"(136, 196, 280, 52)"
2024-07-24 22:40:39,3,ELON MUSK,"(120, 180, 264, 36)"
2024-07-24 22:40:39,4,ELON MUSK,"(136, 180, 280, 36)"
2024-07-24 22:40:39,1,ELON MUSK,"(136, 196, 280, 52)"
2024-07-24 22:40:39,2,ELON MUSK,"(136, 196, 280, 52)"
2024-07-24 22:40:39,3,ELON MUSK,"(120, 180, 264, 36)"
2024-07-24 22:40:39,4,ELON MUSK,"(136, 180, 280, 36)"
2024-07-24 22:40:39,1,ELON MUSK,"(136, 196, 280, 52)"
2024-07-24 22:40:39,2,ELON MUSK,"(136, 196, 280, 52)"
2024-07-24 22:40:39,3,ELON MUSK,"(120, 180, 264, 36)"
2024-07-24 22:40:39,4,ELON MUSK,"(136, 180, 280, 36)"
2024-07-24 22:40:39,1,ELON MUSK,"(136, 196, 280, 52)"
2024-07-24 22:40:39,2,ELON MUSK,"(136, 196, 280, 52)"
2024-07-24 22:40:39,3,ELON MUSK,"(120, 180, 264, 36)"
2024-07-24 22:40:39,4,ELON MUSK,"(136, 180, 280, 36)"
2024-07-24 22:40:39,2,ELON MUSK,"(136, 196, 280, 52)"
2024-07-24 22:40:39,3,ELON MUSK,"(120, 180, 264, 36)"
2024-07-24 22:40:39,4,ELON MUSK,"(136, 180, 280, 36)"
2024-07-24 22:40:39,2,ELON MUSK,"(136, 196, 280, 52)"
2024-07-24 22:40:39,3,ELON MUSK,"(120, 180, 264, 36)"
2024-07-24 22:40:39,4,ELON MUSK,"(136, 180, 280, 36)"
2024-07-24 22:40:39,2,ELON MUSK,"(136, 196, 280, 52)"
2024-07-24 22:40:39,3,ELON MUSK,"(120, 180, 264, 36)"
2024-07-24 22:40:39,4,ELON MUSK,"(136, 180, 280, 36)"
2024-07-24 22:40:39,2,ELON MUSK,"(136, 196, 280, 52)"
2024-07-24 22:40:39,3,ELON MUSK,"(120, 180, 264, 36)"
2024-07-24 22:40:39,4,ELON MUSK,"(136, 180, 280, 36)"
2024-07-24 22:40:39,2,ELON MUSK,"(136, 196, 280, 52)"
2024-07-24 22:40:39,3,ELON MUSK,"(120, 180, 264, 36)"
2024-07-24 22:40:39,4,ELON MUSK,"(136, 180, 280, 36)"
2024-07-24 22:40:40,2,ELON MUSK,"(136, 196, 280, 52)"
2024-07-24 22:40:40,3,ELON MUSK,"(120, 180, 264, 36)"
2024-07-24 22:40:40,4,ELON MUSK,"(136, 180, 280, 36)"
2024-07-24 22:40:40,2,ELON MUSK,"(136, 196, 280, 52)"
2024-07-24 22:40:40,3,ELON MUSK,"(120, 180, 264, 36)"
2024-07-24 22:40:40,4,ELON MUSK,"(136, 180, 280, 36)"
2024-07-24 22:40:40,2,ELON MUSK,"(136, 196, 280, 52)"
2024-07-24 22:40:40,3,ELON MUSK,"(120, 180, 264, 36)"
2024-07-24 22:40:40,4,ELON MUSK,"(136, 180, 280, 36)"
2024-07-24 22:40:40,2,ELON MUSK,"(136, 196, 280, 52)"
2024-07-24 22:40:40,3,ELON MUSK,"(120, 180, 264, 36)"
2024-07-24 22:40:40,4,ELON MUSK,"(136, 180, 280, 36)"
2024-07-24 22:40:40,2,ELON MUSK,"(136, 196, 280, 52)"
2024-07-24 22:40:40,3,ELON MUSK,"(120, 180, 264, 36)"
2024-07-24 22:40:40,4,ELON MUSK,"(136, 180, 280, 36)"
2024-07-24 22:40:40,2,ELON MUSK,"(136, 196, 280, 52)"
2024-07-24 22:40:40,3,ELON MUSK,"(120, 180, 264, 36)"
2024-07-24 22:40:40,4,ELON MUSK,"(136, 180, 280, 36)"
2024-07-24 22:40:40,2,ELON MUSK,"(136, 196, 280, 52)"
2024-07-24 22:40:40,3,ELON MUSK,"(120, 180, 264, 36)"
2024-07-24 22:40:40,4,ELON MUSK,"(136, 180, 280, 36)"
2024-07-24 22:40:40,2,ELON MUSK,"(136, 196, 280, 52)"
2024-07-24 22:40:40,3,ELON MUSK,"(120, 180, 264, 36)"
2024-07-24 22:40:40,4,ELON MUSK,"(136, 180, 280, 36)"
2024-07-24 22:40:40,3,ELON MUSK,"(120, 180, 264, 36)"
2024-07-24 22:40:40,4,ELON MUSK,"(136, 180, 280, 36)"
2024-07-24 22:40:40,3,ELON MUSK,"(120, 180, 264, 36)"
2024-07-24 22:40:40,4,ELON MUSK,"(136, 180, 280, 36)"
2024-07-24 22:40:40,3,ELON MUSK,"(120, 180, 264, 36)"
2024-07-24 22:40:40,4,ELON MUSK,"(136, 180, 280, 36)"
2024-07-24 22:40:40,3,ELON MUSK,"(120, 180, 264, 36)"
2024-07-24 22:40:40,4,ELON MUSK,"(136, 180, 280, 36)"
2024-07-24 22:40:40,3,ELON MUSK,"(120, 180, 264, 36)"
2024-07-24 22:40:40,4,ELON MUSK,"(136, 180, 280, 36)"
2024-07-24 22:40:40,3,ELON MUSK,"(120, 180, 264, 36)"
2024-07-24 22:40:40,4,ELON MUSK,"(136, 180, 280, 36)"
2024-07-24 22:40:40,3,ELON MUSK,"(120, 180, 264, 36)"
2024-07-24 22:40:40,4,ELON MUSK,"(136, 180, 280, 36)"
2024-07-24 22:40:40,3,ELON MUSK,"(120, 180, 264, 36)"
2024-07-24 22:40:40,4,ELON MUSK,"(136, 180, 280, 36)"
2024-07-24 22:40:40,3,ELON MUSK,"(120, 180, 264, 36)"
2024-07-24 22:40:40,4,ELON MUSK,"(136, 180, 280, 36)"
2024-07-24 22:40:40,3,ELON MUSK,"(120, 180, 264, 36)"
2024-07-24 22:40:40,4,ELON MUSK,"(136, 180, 280, 36)"
2024-07-24 22:40:40,3,ELON MUSK,"(120, 180, 264, 36)"
2024-07-24 22:40:40,4,ELON MUSK,"(136, 180, 280, 36)"
2024-07-24 22:40:40,3,ELON MUSK,"(120, 180, 264, 36)"
2024-07-24 22:40:40,4,ELON MUSK,"(136, 180, 280, 36)"
2024-07-24 22:40:40,3,ELON MUSK,"(120, 180, 264, 36)"
2024-07-24 22:40:40,4,ELON MUSK,"(136, 180, 280, 36)"
2024-07-24 22:40:40,3,ELON MUSK,"(120, 180, 264, 36)"
2024-07-24 22:40:40,4,ELON MUSK,"(136, 180, 280, 36)"
2024-07-24 22:40:40,3,ELON MUSK,"(120, 180, 264, 36)"
2024-07-24 22:40:40,4,ELON MUSK,"(136, 180, 280, 36)"
2024-07-24 22:40:40,4,ELON MUSK,"(136, 180, 280, 36)"
2024-07-24 22:40:40,4,ELON MUSK,"(136, 180, 280, 36)"
2024-07-24 22:40:40,4,ELON MUSK,"(136, 180, 280, 36)"
2024-07-24 22:40:40,4,ELON MUSK,"(136, 180, 280, 36)"
2024-07-24 22:40:40,4,ELON MUSK,"(136, 180, 280, 36)"
2024-07-24 22:40:41,4,ELON MUSK,"(136, 180, 280, 36)"
2024-07-24 22:40:41,4,ELON MUSK,"(136, 180, 280, 36)"
2024-07-24 22:40:41,4,ELON MUSK,"(136, 180, 280, 36)"
2024-07-24 22:40:41,4,ELON MUSK,"(136, 180, 280, 36)"
2024-07-24 22:40:41,4,ELON MUSK,"(136, 180, 280, 36)"
2024-07-24 22:40:41,4,ELON MUSK,"(136, 180, 280, 36)"
2024-07-24 22:40:41,4,ELON MUSK,"(136, 180, 280, 36)"
2024-07-24 22:40:41,4,ELON MUSK,"(136, 180, 280, 36)"
2024-07-24 22:40:41,4,ELON MUSK,"(136, 180, 280, 36)"
2024-07-24 22:40:41,4,ELON MUSK,"(136, 180, 280, 36)"
2024-07-24 22:40:42,5,Unknown,"(280, 452, 424, 308)"
2024-07-24 22:40:43,5,Unknown,"(280, 452, 424, 308)"
2024-07-24 22:40:43,6,Unknown,"(280, 452, 424, 308)"
2024-07-24 22:40:44,5,Unknown,"(280, 452, 424, 308)"
2024-07-24 22:40:44,6,Unknown,"(280, 452, 424, 308)"
2024-07-24 22:40:44,7,Unknown,"(264, 452, 408, 308)"
2024-07-24 22:40:44,5,Unknown,"(280, 452, 424, 308)"
2024-07-24 22:40:44,6,Unknown,"(280, 452, 424, 308)"
2024-07-24 22:40:44,7,Unknown,"(264, 452, 408, 308)"
2024-07-24 22:40:44,5,Unknown,"(280, 452, 424, 308)"
2024-07-24 22:40:44,6,Unknown,"(280, 452, 424, 308)"
2024-07-24 22:40:44,7,Unknown,"(264, 452, 408, 308)"
2024-07-24 22:40:44,5,Unknown,"(280, 452, 424, 308)"
2024-07-24 22:40:44,6,Unknown,"(280, 452, 424, 308)"
2024-07-24 22:40:44,7,Unknown,"(264, 452, 408, 308)"
2024-07-24 22:40:44,5,Unknown,"(280, 452, 424, 308)"
2024-07-24 22:40:44,6,Unknown,"(280, 452, 424, 308)"
2024-07-24 22:40:44,7,Unknown,"(264, 452, 408, 308)"
2024-07-24 22:40:44,5,Unknown,"(280, 452, 424, 308)"
2024-07-24 22:40:44,6,Unknown,"(280, 452, 424, 308)"
2024-07-24 22:40:44,7,Unknown,"(264, 452, 408, 308)"
2024-07-24 22:40:44,5,Unknown,"(280, 452, 424, 308)"
2024-07-24 22:40:44,6,Unknown,"(280, 452, 424, 308)"
2024-07-24 22:40:44,7,Unknown,"(264, 452, 408, 308)"
2024-07-24 22:40:44,5,Unknown,"(280, 452, 424, 308)"
2024-07-24 22:40:44,6,Unknown,"(280, 452, 424, 308)"
2024-07-24 22:40:44,7,Unknown,"(264, 452, 408, 308)"
2024-07-24 22:40:44,5,Unknown,"(280, 452, 424, 308)"
2024-07-24 22:40:44,6,Unknown,"(280, 452, 424, 308)"
2024-07-24 22:40:44,7,Unknown,"(264, 452, 408, 308)"
2024-07-24 22:40:44,5,Unknown,"(280, 452, 424, 308)"
2024-07-24 22:40:44,6,Unknown,"(280, 452, 424, 308)"
2024-07-24 22:40:44,7,Unknown,"(264, 452, 408, 308)"
2024-07-24 22:40:44,5,Unknown,"(280, 452, 424, 308)"
2024-07-24 22:40:44,6,Unknown,"(280, 452, 424, 308)"
2024-07-24 22:40:44,7,Unknown,"(264, 452, 408, 308)"
2024-07-24 22:40:44,5,Unknown,"(280, 452, 424, 308)"
2024-07-24 22:40:44,6,Unknown,"(280, 452, 424, 308)"
2024-07-24 22:40:44,7,Unknown,"(264, 452, 408, 308)"
2024-07-24 22:40:44,5,Unknown,"(280, 452, 424, 308)"
2024-07-24 22:40:44,6,Unknown,"(280, 452, 424, 308)"
2024-07-24 22:40:44,7,Unknown,"(264, 452, 408, 308)"
2024-07-24 22:40:44,5,Unknown,"(280, 452, 424, 308)"
2024-07-24 22:40:44,6,Unknown,"(280, 452, 424, 308)"
2024-07-24 22:40:44,7,Unknown,"(264, 452, 408, 308)"
2024-07-24 22:40:44,5,Unknown,"(280, 452, 424, 308)"
2024-07-24 22:40:44,6,Unknown,"(280, 452, 424, 308)"
2024-07-24 22:40:44,7,Unknown,"(264, 452, 408, 308)"
2024-07-24 22:40:44,5,Unknown,"(280, 452, 424, 308)"
2024-07-24 22:40:44,6,Unknown,"(280, 452, 424, 308)"
2024-07-24 22:40:44,7,Unknown,"(264, 452, 408, 308)"
2024-07-24 22:40:44,5,Unknown,"(280, 452, 424, 308)"
2024-07-24 22:40:44,6,Unknown,"(280, 452, 424, 308)"
2024-07-24 22:40:44,7,Unknown,"(264, 452, 408, 308)"
2024-07-24 22:40:44,5,Unknown,"(280, 452, 424, 308)"
2024-07-24 22:40:44,6,Unknown,"(280, 452, 424, 308)"
2024-07-24 22:40:44,7,Unknown,"(264, 452, 408, 308)"
2024-07-24 22:40:44,5,Unknown,"(280, 452, 424, 308)"
2024-07-24 22:40:44,6,Unknown,"(280, 452, 424, 308)"
2024-07-24 22:40:44,7,Unknown,"(264, 452, 408, 308)"
2024-07-24 22:40:44,5,Unknown,"(280, 452, 424, 308)"
2024-07-24 22:40:44,6,Unknown,"(280, 452, 424, 308)"
2024-07-24 22:40:44,7,Unknown,"(264, 452, 408, 308)"
2024-07-24 22:40:45,5,Unknown,"(280, 452, 424, 308)"
2024-07-24 22:40:45,6,Unknown,"(280, 452, 424, 308)"
2024-07-24 22:40:45,7,Unknown,"(264, 452, 408, 308)"
2024-07-24 22:40:45,5,Unknown,"(280, 452, 424, 308)"
2024-07-24 22:40:45,6,Unknown,"(280, 452, 424, 308)"
2024-07-24 22:40:45,7,Unknown,"(264, 452, 408, 308)"
2024-07-24 22:40:45,5,Unknown,"(280, 452, 424, 308)"
2024-07-24 22:40:45,6,Unknown,"(280, 452, 424, 308)"
2024-07-24 22:40:45,7,Unknown,"(264, 452, 408, 308)"
2024-07-24 22:40:45,5,Unknown,"(280, 452, 424, 308)"
2024-07-24 22:40:45,6,Unknown,"(280, 452, 424, 308)"
2024-07-24 22:40:45,7,Unknown,"(264, 452, 408, 308)"
2024-07-24 22:40:45,5,Unknown,"(280, 452, 424, 308)"
2024-07-24 22:40:45,6,Unknown,"(280, 452, 424, 308)"
2024-07-24 22:40:45,7,Unknown,"(264, 452, 408, 308)"
2024-07-24 22:40:45,5,Unknown,"(280, 452, 424, 308)"
2024-07-24 22:40:45,6,Unknown,"(280, 452, 424, 308)"
2024-07-24 22:40:45,7,Unknown,"(264, 452, 408, 308)"
2024-07-24 22:40:45,5,Unknown,"(280, 452, 424, 308)"
2024-07-24 22:40:45,6,Unknown,"(280, 452, 424, 308)"
2024-07-24 22:40:45,7,Unknown,"(264, 452, 408, 308)"
2024-07-24 22:40:45,5,Unknown,"(280, 452, 424, 308)"
2024-07-24 22:40:45,6,Unknown,"(280, 452, 424, 308)"
2024-07-24 22:40:45,7,Unknown,"(264, 452, 408, 308)"
2024-07-24 22:40:45,5,Unknown,"(280, 452, 424, 308)"
2024-07-24 22:40:45,6,Unknown,"(280, 452, 424, 308)"
2024-07-24 22:40:45,7,Unknown,"(264, 452, 408, 308)"
2024-07-24 22:40:45,5,Unknown,"(280, 452, 424, 308)"
2024-07-24 22:40:45,6,Unknown,"(280, 452, 424, 308)"
2024-07-24 22:40:45,7,Unknown,"(264, 452, 408, 308)"
2024-07-24 22:40:45,5,Unknown,"(280, 452, 424, 308)"
2024-07-24 22:40:45,6,Unknown,"(280, 452, 424, 308)"
2024-07-24 22:40:45,7,Unknown,"(264, 452, 408, 308)"
2024-07-24 22:40:45,5,Unknown,"(280, 452, 424, 308)"
2024-07-24 22:40:45,6,Unknown,"(280, 452, 424, 308)"
2024-07-24 22:40:45,7,Unknown,"(264, 452, 408, 308)"
2024-07-24 22:40:45,5,Unknown,"(280, 452, 424, 308)"
2024-07-24 22:40:45,6,Unknown,"(280, 452, 424, 308)"
2024-07-24 22:40:45,7,Unknown,"(264, 452, 408, 308)"
2024-07-24 22:40:45,5,Unknown,"(280, 452, 424, 308)"
2024-07-24 22:40:45,6,Unknown,"(280, 452, 424, 308)"
2024-07-24 22:40:45,7,Unknown,"(264, 452, 408, 308)"
2024-07-24 22:40:45,5,Unknown,"(280, 452, 424, 308)"
2024-07-24 22:40:45,6,Unknown,"(280, 452, 424, 308)"
2024-07-24 22:40:45,7,Unknown,"(264, 452, 408, 308)"
2024-07-24 22:40:45,5,Unknown,"(280, 452, 424, 308)"
2024-07-24 22:40:45,6,Unknown,"(280, 452, 424, 308)"
2024-07-24 22:40:45,7,Unknown,"(264, 452, 408, 308)"
2024-07-24 22:40:45,5,Unknown,"(280, 452, 424, 308)"
2024-07-24 22:40:45,6,Unknown,"(280, 452, 424, 308)"
2024-07-24 22:40:45,7,Unknown,"(264, 452, 408, 308)"
2024-07-24 22:40:45,5,Unknown,"(280, 452, 424, 308)"
2024-07-24 22:40:45,6,Unknown,"(280, 452, 424, 308)"
2024-07-24 22:40:45,7,Unknown,"(264, 452, 408, 308)"
2024-07-24 22:40:45,5,Unknown,"(280, 452, 424, 308)"
2024-07-24 22:40:45,6,Unknown,"(280, 452, 424, 308)"
2024-07-24 22:40:45,7,Unknown,"(264, 452, 408, 308)"
2024-07-24 22:40:45,5,Unknown,"(280, 452, 424, 308)"
2024-07-24 22:40:45,6,Unknown,"(280, 452, 424, 308)"
2024-07-24 22:40:45,7,Unknown,"(264, 452, 408, 308)"
2024-07-24 22:40:45,5,Unknown,"(280, 452, 424, 308)"
2024-07-24 22:40:45,6,Unknown,"(280, 452, 424, 308)"
2024-07-24 22:40:45,7,Unknown,"(264, 452, 408, 308)"
2024-07-24 22:40:45,5,Unknown,"(280, 452, 424, 308)"
2024-07-24 22:40:45,6,Unknown,"(280, 452, 424, 308)"
2024-07-24 22:40:45,7,Unknown,"(264, 452, 408, 308)"
2024-07-24 22:40:45,5,Unknown,"(280, 452, 424, 308)"
2024-07-24 22:40:45,6,Unknown,"(280, 452, 424, 308)"
2024-07-24 22:40:45,7,Unknown,"(264, 452, 408, 308)"
2024-07-24 22:40:45,5,Unknown,"(280, 452, 424, 308)"
2024-07-24 22:40:45,6,Unknown,"(280, 452, 424, 308)"
2024-07-24 22:40:45,7,Unknown,"(264, 452, 408, 308)"
2024-07-24 22:40:45,5,Unknown,"(280, 452, 424, 308)"
2024-07-24 22:40:45,6,Unknown,"(280, 452, 424, 308)"
2024-07-24 22:40:45,7,Unknown,"(264, 452, 408, 308)"
2024-07-24 22:40:46,5,Unknown,"(280, 452, 424, 308)"
2024-07-24 22:40:46,6,Unknown,"(280, 452, 424, 308)"
2024-07-24 22:40:46,7,Unknown,"(264, 452, 408, 308)"
2024-07-24 22:40:46,5,Unknown,"(280, 452, 424, 308)"
2024-07-24 22:40:46,6,Unknown,"(280, 452, 424, 308)"
2024-07-24 22:40:46,7,Unknown,"(264, 452, 408, 308)"
2024-07-24 22:40:46,5,Unknown,"(280, 452, 424, 308)"
2024-07-24 22:40:46,6,Unknown,"(280, 452, 424, 308)"
2024-07-24 22:40:46,7,Unknown,"(264, 452, 408, 308)"
2024-07-24 22:40:46,5,Unknown,"(280, 452, 424, 308)"
2024-07-24 22:40:46,6,Unknown,"(280, 452, 424, 308)"
2024-07-24 22:40:46,7,Unknown,"(264, 452, 408, 308)"
2024-07-24 22:40:46,5,Unknown,"(280, 452, 424, 308)"
2024-07-24 22:40:46,6,Unknown,"(280, 452, 424, 308)"
2024-07-24 22:40:46,7,Unknown,"(264, 452, 408, 308)"
2024-07-24 22:40:46,5,Unknown,"(280, 452, 424, 308)"
2024-07-24 22:40:46,6,Unknown,"(280, 452, 424, 308)"
2024-07-24 22:40:46,7,Unknown,"(264, 452, 408, 308)"
2024-07-24 22:40:46,5,Unknown,"(280, 452, 424, 308)"
2024-07-24 22:40:46,6,Unknown,"(280, 452, 424, 308)"
2024-07-24 22:40:46,7,Unknown,"(264, 452, 408, 308)"
2024-07-24 22:40:46,5,Unknown,"(280, 452, 424, 308)"
2024-07-24 22:40:46,6,Unknown,"(280, 452, 424, 308)"
2024-07-24 22:40:46,7,Unknown,"(264, 452, 408, 308)"
2024-07-24 22:40:46,5,Unknown,"(280, 452, 424, 308)"
2024-07-24 22:40:46,6,Unknown,"(280, 452, 424, 308)"
2024-07-24 22:40:46,7,Unknown,"(264, 452, 408, 308)"
2024-07-24 22:40:46,5,Unknown,"(280, 452, 424, 308)"
2024-07-24 22:40:46,6,Unknown,"(280, 452, 424, 308)"
2024-07-24 22:40:46,7,Unknown,"(264, 452, 408, 308)"
2024-07-24 22:40:46,5,Unknown,"(280, 452, 424, 308)"
2024-07-24 22:40:46,6,Unknown,"(280, 452, 424, 308)"
2024-07-24 22:40:46,7,Unknown,"(264, 452, 408, 308)"
2024-07-24 22:40:46,5,Unknown,"(280, 452, 424, 308)"
2024-07-24 22:40:46,6,Unknown,"(280, 452, 424, 308)"
2024-07-24 22:40:46,7,Unknown,"(264, 452, 408, 308)"
2024-07-24 22:40:46,5,Unknown,"(280, 452, 424, 308)"
2024-07-24 22:40:46,6,Unknown,"(280, 452, 424, 308)"
2024-07-24 22:40:46,7,Unknown,"(264, 452, 408, 308)"
2024-07-24 22:40:46,5,Unknown,"(280, 452, 424, 308)"
2024-07-24 22:40:46,6,Unknown,"(280, 452, 424, 308)"
2024-07-24 22:40:46,7,Unknown,"(264, 452, 408, 308)"
2024-07-24 22:40:46,5,Unknown,"(280, 452, 424, 308)"
2024-07-24 22:40:46,6,Unknown,"(280, 452, 424, 308)"
2024-07-24 22:40:46,7,Unknown,"(264, 452, 408, 308)"
2024-07-24 22:40:46,5,Unknown,"(280, 452, 424, 308)"
2024-07-24 22:40:46,6,Unknown,"(280, 452, 424, 308)"
2024-07-24 22:40:46,7,Unknown,"(264, 452, 408, 308)"
2024-07-24 22:40:46,5,Unknown,"(280, 452, 424, 308)"
2024-07-24 22:40:46,6,Unknown,"(280, 452, 424, 308)"
2024-07-24 22:40:46,7,Unknown,"(264, 452, 408, 308)"
2024-07-24 22:40:46,5,Unknown,"(280, 452, 424, 308)"
2024-07-24 22:40:46,6,Unknown,"(280, 452, 424, 308)"
2024-07-24 22:40:46,7,Unknown,"(264, 452, 408, 308)"
2024-07-24 22:40:46,5,Unknown,"(280, 452, 424, 308)"
2024-07-24 22:40:46,6,Unknown,"(280, 452, 424, 308)"
2024-07-24 22:40:46,7,Unknown,"(264, 452, 408, 308)"
2024-07-24 22:40:46,5,Unknown,"(280, 452, 424, 308)"
2024-07-24 22:40:46,6,Unknown,"(280, 452, 424, 308)"
2024-07-24 22:40:46,7,Unknown,"(264, 452, 408, 308)"
2024-07-24 22:40:46,5,Unknown,"(280, 452, 424, 308)"
2024-07-24 22:40:46,6,Unknown,"(280, 452, 424, 308)"
2024-07-24 22:40:46,7,Unknown,"(264, 452, 408, 308)"
2024-07-24 22:40:46,5,Unknown,"(280, 452, 424, 308)"
2024-07-24 22:40:46,6,Unknown,"(280, 452, 424, 308)"
2024-07-24 22:40:46,7,Unknown,"(264, 452, 408, 308)"
2024-07-24 22:40:46,5,Unknown,"(280, 452, 424, 308)"
2024-07-24 22:40:46,6,Unknown,"(280, 452, 424, 308)"
2024-07-24 22:40:46,7,Unknown,"(264, 452, 408, 308)"
2024-07-24 22:40:46,5,Unknown,"(280, 452, 424, 308)"
2024-07-24 22:40:46,6,Unknown,"(280, 452, 424, 308)"
2024-07-24 22:40:46,7,Unknown,"(264, 452, 408, 308)"
2024-07-24 22:40:46,5,Unknown,"(280, 452, 424, 308)"
2024-07-24 22:40:46,6,Unknown,"(280, 452, 424, 308)"
2024-07-24 22:40:46,7,Unknown,"(264, 452, 408, 308)"
2024-07-24 22:40:46,5,Unknown,"(280, 452, 424, 308)"
2024-07-24 22:40:46,6,Unknown,"(280, 452, 424, 308)"
2024-07-24 22:40:46,7,Unknown,"(264, 452, 408, 308)"
2024-07-24 22:40:46,5,Unknown,"(280, 452, 424, 308)"
2024-07-24 22:40:46,6,Unknown,"(280, 452, 424, 308)"
2024-07-24 22:40:46,7,Unknown,"(264, 452, 408, 308)"
2024-07-24 22:40:46,5,Unknown,"(280, 452, 424, 308)"
2024-07-24 22:40:46,6,Unknown,"(280, 452, 424, 308)"
2024-07-24 22:40:46,7,Unknown,"(264, 452, 408, 308)"
2024-07-24 22:40:46,5,Unknown,"(280, 452, 424, 308)"
2024-07-24 22:40:46,6,Unknown,"(280, 452, 424, 308)"
2024-07-24 22:40:46,7,Unknown,"(264, 452, 408, 308)"
2024-07-24 22:40:46,5,Unknown,"(280, 452, 424, 308)"
2024-07-24 22:40:46,6,Unknown,"(280, 452, 424, 308)"
2024-07-24 22:40:46,7,Unknown,"(264, 452, 408, 308)"
2024-07-24 22:40:46,5,Unknown,"(280, 452, 424, 308)"
2024-07-24 22:40:46,6,Unknown,"(280, 452, 424, 308)"
2024-07-24 22:40:46,7,Unknown,"(264, 452, 408, 308)"
2024-07-24 22:40:46,5,Unknown,"(280, 452, 424, 308)"
2024-07-24 22:40:46,6,Unknown,"(280, 452, 424, 308)"
2024-07-24 22:40:46,7,Unknown,"(264, 452, 408, 308)"
2024-07-24 22:40:47,5,Unknown,"(280, 452, 424, 308)"
2024-07-24 22:40:47,6,Unknown,"(280, 452, 424, 308)"
2024-07-24 22:40:47,7,Unknown,"(264, 452, 408, 308)"
2024-07-24 22:40:47,5,Unknown,"(280, 452, 424, 308)"
2024-07-24 22:40:47,6,Unknown,"(280, 452, 424, 308)"
2024-07-24 22:40:47,7,Unknown,"(264, 452, 408, 308)"
2024-07-24 22:40:47,5,Unknown,"(280, 452, 424, 308)"
2024-07-24 22:40:47,6,Unknown,"(280, 452, 424, 308)"
2024-07-24 22:40:47,7,Unknown,"(264, 452, 408, 308)"
2024-07-24 22:40:47,5,Unknown,"(280, 452, 424, 308)"
2024-07-24 22:40:47,6,Unknown,"(280, 452, 424, 308)"
2024-07-24 22:40:47,7,Unknown,"(264, 452, 408, 308)"
2024-07-24 22:40:47,5,Unknown,"(280, 452, 424, 308)"
2024-07-24 22:40:47,6,Unknown,"(280, 452, 424, 308)"
2024-07-24 22:40:47,7,Unknown,"(264, 452, 408, 308)"
2024-07-24 22:40:47,5,Unknown,"(280, 452, 424, 308)"
2024-07-24 22:40:47,6,Unknown,"(280, 452, 424, 308)"
2024-07-24 22:40:47,7,Unknown,"(264, 452, 408, 308)"
2024-07-24 22:40:47,5,Unknown,"(280, 452, 424, 308)"
2024-07-24 22:40:47,6,Unknown,"(280, 452, 424, 308)"
2024-07-24 22:40:47,7,Unknown,"(264, 452, 408, 308)"
2024-07-24 22:40:47,5,Unknown,"(280, 452, 424, 308)"
2024-07-24 22:40:47,6,Unknown,"(280, 452, 424, 308)"
2024-07-24 22:40:47,7,Unknown,"(264, 452, 408, 308)"
2024-07-24 22:40:47,5,Unknown,"(280, 452, 424, 308)"
2024-07-24 22:40:47,6,Unknown,"(280, 452, 424, 308)"
2024-07-24 22:40:47,7,Unknown,"(264, 452, 408, 308)"
2024-07-24 22:40:47,5,Unknown,"(280, 452, 424, 308)"
2024-07-24 22:40:47,6,Unknown,"(280, 452, 424, 308)"
2024-07-24 22:40:47,7,Unknown,"(264, 452, 408, 308)"
2024-07-24 22:40:47,5,Unknown,"(280, 452, 424, 308)"
2024-07-24 22:40:47,6,Unknown,"(280, 452, 424, 308)"
2024-07-24 22:40:47,7,Unknown,"(264, 452, 408, 308)"
2024-07-24 22:40:47,5,Unknown,"(280, 452, 424, 308)"
2024-07-24 22:40:47,6,Unknown,"(280, 452, 424, 308)"
2024-07-24 22:40:47,7,Unknown,"(264, 452, 408, 308)"
2024-07-24 22:40:47,5,Unknown,"(280, 452, 424, 308)"
2024-07-24 22:40:47,6,Unknown,"(280, 452, 424, 308)"
2024-07-24 22:40:47,7,Unknown,"(264, 452, 408, 308)"
2024-07-24 22:40:47,5,Unknown,"(280, 452, 424, 308)"
2024-07-24 22:40:47,6,Unknown,"(280, 452, 424, 308)"
2024-07-24 22:40:47,7,Unknown,"(264, 452, 408, 308)"
2024-07-24 22:40:47,5,Unknown,"(280, 452, 424, 308)"
2024-07-24 22:40:47,6,Unknown,"(280, 452, 424, 308)"
2024-07-24 22:40:47,7,Unknown,"(264, 452, 408, 308)"
2024-07-24 22:40:47,5,Unknown,"(280, 452, 424, 308)"
2024-07-24 22:40:47,6,Unknown,"(280, 452, 424, 308)"
2024-07-24 22:40:47,7,Unknown,"(264, 452, 408, 308)"
2024-07-24 22:40:47,5,Unknown,"(280, 452, 424, 308)"
2024-07-24 22:40:47,6,Unknown,"(280, 452, 424, 308)"
2024-07-24 22:40:47,7,Unknown,"(264, 452, 408, 308)"
2024-07-24 22:40:47,5,Unknown,"(280, 452, 424, 308)"
2024-07-24 22:40:47,6,Unknown,"(280, 452, 424, 308)"
2024-07-24 22:40:47,7,Unknown,"(264, 452, 408, 308)"
2024-07-24 22:40:47,5,Unknown,"(280, 452, 424, 308)"
2024-07-24 22:40:47,6,Unknown,"(280, 452, 424, 308)"
2024-07-24 22:40:47,7,Unknown,"(264, 452, 408, 308)"
2024-07-24 22:40:47,5,Unknown,"(280, 452, 424, 308)"
2024-07-24 22:40:47,6,Unknown,"(280, 452, 424, 308)"
2024-07-24 22:40:47,7,Unknown,"(264, 452, 408, 308)"
2024-07-24 22:40:47,5,Unknown,"(280, 452, 424, 308)"
2024-07-24 22:40:47,6,Unknown,"(280, 452, 424, 308)"
2024-07-24 22:40:47,7,Unknown,"(264, 452, 408, 308)"
2024-07-24 22:40:47,5,Unknown,"(280, 452, 424, 308)"
2024-07-24 22:40:47,6,Unknown,"(280, 452, 424, 308)"
2024-07-24 22:40:47,7,Unknown,"(264, 452, 408, 308)"
2024-07-24 22:40:47,5,Unknown,"(280, 452, 424, 308)"
2024-07-24 22:40:47,6,Unknown,"(280, 452, 424, 308)"
2024-07-24 22:40:47,7,Unknown,"(264, 452, 408, 308)"
2024-07-24 22:40:47,5,Unknown,"(280, 452, 424, 308)"
2024-07-24 22:40:47,6,Unknown,"(280, 452, 424, 308)"
2024-07-24 22:40:47,7,Unknown,"(264, 452, 408, 308)"
2024-07-24 22:40:47,5,Unknown,"(280, 452, 424, 308)"
2024-07-24 22:40:47,6,Unknown,"(280, 452, 424, 308)"
2024-07-24 22:40:47,7,Unknown,"(264, 452, 408, 308)"
2024-07-24 22:40:47,5,Unknown,"(280, 452, 424, 308)"
2024-07-24 22:40:47,6,Unknown,"(280, 452, 424, 308)"
2024-07-24 22:40:47,7,Unknown,"(264, 452, 408, 308)"
2024-07-24 22:40:47,5,Unknown,"(280, 452, 424, 308)"
2024-07-24 22:40:47,6,Unknown,"(280, 452, 424, 308)"
2024-07-24 22:40:47,7,Unknown,"(264, 452, 408, 308)"
2024-07-24 22:40:47,5,Unknown,"(280, 452, 424, 308)"
2024-07-24 22:40:47,6,Unknown,"(280, 452, 424, 308)"
2024-07-24 22:40:47,7,Unknown,"(264, 452, 408, 308)"
2024-07-24 22:40:48,5,Unknown,"(280, 452, 424, 308)"
2024-07-24 22:40:48,6,Unknown,"(280, 452, 424, 308)"
2024-07-24 22:40:48,7,Unknown,"(264, 452, 408, 308)"
2024-07-24 22:40:48,5,Unknown,"(280, 452, 424, 308)"
2024-07-24 22:40:48,6,Unknown,"(280, 452, 424, 308)"
2024-07-24 22:40:48,7,Unknown,"(264, 452, 408, 308)"
2024-07-24 22:40:48,5,Unknown,"(280, 452, 424, 308)"
2024-07-24 22:40:48,6,Unknown,"(280, 452, 424, 308)"
2024-07-24 22:40:48,7,Unknown,"(264, 452, 408, 308)"
2024-07-24 22:40:48,5,Unknown,"(280, 452, 424, 308)"
2024-07-24 22:40:48,6,Unknown,"(280, 452, 424, 308)"
2024-07-24 22:40:48,7,Unknown,"(264, 452, 408, 308)"
2024-07-24 22:40:48,5,Unknown,"(280, 452, 424, 308)"
2024-07-24 22:40:48,6,Unknown,"(280, 452, 424, 308)"
2024-07-24 22:40:48,7,Unknown,"(264, 452, 408, 308)"
2024-07-24 22:40:48,5,Unknown,"(280, 452, 424, 308)"
2024-07-24 22:40:48,6,Unknown,"(280, 452, 424, 308)"
2024-07-24 22:40:48,7,Unknown,"(264, 452, 408, 308)"
2024-07-24 22:40:48,5,Unknown,"(280, 452, 424, 308)"
2024-07-24 22:40:48,6,Unknown,"(280, 452, 424, 308)"
2024-07-24 22:40:48,7,Unknown,"(264, 452, 408, 308)"
2024-07-24 22:40:48,5,Unknown,"(280, 452, 424, 308)"
2024-07-24 22:40:48,6,Unknown,"(280, 452, 424, 308)"
2024-07-24 22:40:48,7,Unknown,"(264, 452, 408, 308)"
2024-07-24 22:40:48,5,Unknown,"(280, 452, 424, 308)"
2024-07-24 22:40:48,6,Unknown,"(280, 452, 424, 308)"
2024-07-24 22:40:48,7,Unknown,"(264, 452, 408, 308)"
2024-07-24 22:40:48,5,Unknown,"(280, 452, 424, 308)"
2024-07-24 22:40:48,6,Unknown,"(280, 452, 424, 308)"
2024-07-24 22:40:48,7,Unknown,"(264, 452, 408, 308)"
2024-07-24 22:40:48,5,Unknown,"(280, 452, 424, 308)"
2024-07-24 22:40:48,6,Unknown,"(280, 452, 424, 308)"
2024-07-24 22:40:48,7,Unknown,"(264, 452, 408, 308)"
2024-07-24 22:40:48,5,Unknown,"(280, 452, 424, 308)"
2024-07-24 22:40:48,6,Unknown,"(280, 452, 424, 308)"
2024-07-24 22:40:48,7,Unknown,"(264, 452, 408, 308)"
2024-07-24 22:40:48,5,Unknown,"(280, 452, 424, 308)"
2024-07-24 22:40:48,6,Unknown,"(280, 452, 424, 308)"
2024-07-24 22:40:48,7,Unknown,"(264, 452, 408, 308)"
2024-07-24 22:40:48,5,Unknown,"(280, 452, 424, 308)"
2024-07-24 22:40:48,6,Unknown,"(280, 452, 424, 308)"
2024-07-24 22:40:48,7,Unknown,"(264, 452, 408, 308)"
2024-07-24 22:40:48,5,Unknown,"(280, 452, 424, 308)"
2024-07-24 22:40:48,6,Unknown,"(280, 452, 424, 308)"
2024-07-24 22:40:48,7,Unknown,"(264, 452, 408, 308)"
2024-07-24 22:40:48,5,Unknown,"(280, 452, 424, 308)"
2024-07-24 22:40:48,6,Unknown,"(280, 452, 424, 308)"
2024-07-24 22:40:48,7,Unknown,"(264, 452, 408, 308)"
2024-07-24 22:40:48,5,Unknown,"(280, 452, 424, 308)"
2024-07-24 22:40:48,6,Unknown,"(280, 452, 424, 308)"
2024-07-24 22:40:48,7,Unknown,"(264, 452, 408, 308)"
2024-07-24 22:40:48,5,Unknown,"(280, 452, 424, 308)"
2024-07-24 22:40:48,6,Unknown,"(280, 452, 424, 308)"
2024-07-24 22:40:48,7,Unknown,"(264, 452, 408, 308)"
2024-07-24 22:40:48,5,Unknown,"(280, 452, 424, 308)"
2024-07-24 22:40:48,6,Unknown,"(280, 452, 424, 308)"
2024-07-24 22:40:48,7,Unknown,"(264, 452, 408, 308)"
2024-07-24 22:40:48,5,Unknown,"(280, 452, 424, 308)"
2024-07-24 22:40:48,6,Unknown,"(280, 452, 424, 308)"
2024-07-24 22:40:48,7,Unknown,"(264, 452, 408, 308)"
2024-07-24 22:40:48,5,Unknown,"(280, 452, 424, 308)"
2024-07-24 22:40:48,6,Unknown,"(280, 452, 424, 308)"
2024-07-24 22:40:48,7,Unknown,"(264, 452, 408, 308)"
2024-07-24 22:40:48,5,Unknown,"(280, 452, 424, 308)"
2024-07-24 22:40:48,6,Unknown,"(280, 452, 424, 308)"
2024-07-24 22:40:48,7,Unknown,"(264, 452, 408, 308)"
2024-07-24 22:40:48,5,Unknown,"(280, 452, 424, 308)"
2024-07-24 22:40:48,6,Unknown,"(280, 452, 424, 308)"
2024-07-24 22:40:48,7,Unknown,"(264, 452, 408, 308)"
2024-07-24 22:40:48,5,Unknown,"(280, 452, 424, 308)"
2024-07-24 22:40:48,6,Unknown,"(280, 452, 424, 308)"
2024-07-24 22:40:48,7,Unknown,"(264, 452, 408, 308)"
2024-07-24 22:40:48,5,Unknown,"(280, 452, 424, 308)"
2024-07-24 22:40:48,6,Unknown,"(280, 452, 424, 308)"
2024-07-24 22:40:48,7,Unknown,"(264, 452, 408, 308)"
2024-07-24 22:40:48,5,Unknown,"(280, 452, 424, 308)"
2024-07-24 22:40:48,6,Unknown,"(280, 452, 424, 308)"
2024-07-24 22:40:48,7,Unknown,"(264, 452, 408, 308)"
2024-07-24 22:40:48,5,Unknown,"(280, 452, 424, 308)"
2024-07-24 22:40:48,6,Unknown,"(280, 452, 424, 308)"
2024-07-24 22:40:48,7,Unknown,"(264, 452, 408, 308)"
2024-07-24 22:40:49,5,Unknown,"(280, 452, 424, 308)"
2024-07-24 22:40:49,6,Unknown,"(280, 452, 424, 308)"
2024-07-24 22:40:49,7,Unknown,"(264, 452, 408, 308)"
2024-07-24 22:40:49,5,Unknown,"(280, 452, 424, 308)"
2024-07-24 22:40:49,6,Unknown,"(280, 452, 424, 308)"
2024-07-24 22:40:49,7,Unknown,"(264, 452, 408, 308)"
2024-07-24 22:40:49,5,Unknown,"(280, 452, 424, 308)"
2024-07-24 22:40:49,6,Unknown,"(280, 452, 424, 308)"
2024-07-24 22:40:49,7,Unknown,"(264, 452, 408, 308)"
2024-07-24 22:40:49,5,Unknown,"(280, 452, 424, 308)"
2024-07-24 22:40:49,6,Unknown,"(280, 452, 424, 308)"
2024-07-24 22:40:49,7,Unknown,"(264, 452, 408, 308)"
2024-07-24 22:40:49,5,Unknown,"(280, 452, 424, 308)"
2024-07-24 22:40:49,6,Unknown,"(280, 452, 424, 308)"
2024-07-24 22:40:49,7,Unknown,"(264, 452, 408, 308)"
2024-07-24 22:40:49,5,Unknown,"(280, 452, 424, 308)"
2024-07-24 22:40:49,6,Unknown,"(280, 452, 424, 308)"
2024-07-24 22:40:49,7,Unknown,"(264, 452, 408, 308)"
2024-07-24 22:40:49,5,Unknown,"(280, 452, 424, 308)"
2024-07-24 22:40:49,6,Unknown,"(280, 452, 424, 308)"
2024-07-24 22:40:49,7,Unknown,"(264, 452, 408, 308)"
2024-07-24 22:40:49,5,Unknown,"(280, 452, 424, 308)"
2024-07-24 22:40:49,6,Unknown,"(280, 452, 424, 308)"
2024-07-24 22:40:49,7,Unknown,"(264, 452, 408, 308)"
2024-07-24 22:40:49,5,Unknown,"(280, 452, 424, 308)"
2024-07-24 22:40:49,6,Unknown,"(280, 452, 424, 308)"
2024-07-24 22:40:49,7,Unknown,"(264, 452, 408, 308)"
2024-07-24 22:40:49,5,Unknown,"(280, 452, 424, 308)"
2024-07-24 22:40:49,6,Unknown,"(280, 452, 424, 308)"
2024-07-24 22:40:49,7,Unknown,"(264, 452, 408, 308)"
2024-07-24 22:40:49,5,Unknown,"(280, 452, 424, 308)"
2024-07-24 22:40:49,6,Unknown,"(280, 452, 424, 308)"
2024-07-24 22:40:49,7,Unknown,"(264, 452, 408, 308)"
2024-07-24 22:40:49,5,Unknown,"(280, 452, 424, 308)"
2024-07-24 22:40:49,6,Unknown,"(280, 452, 424, 308)"
2024-07-24 22:40:49,7,Unknown,"(264, 452, 408, 308)"
2024-07-24 22:40:49,5,Unknown,"(280, 452, 424, 308)"
2024-07-24 22:40:49,6,Unknown,"(280, 452, 424, 308)"
2024-07-24 22:40:49,7,Unknown,"(264, 452, 408, 308)"
2024-07-24 22:40:49,5,Unknown,"(280, 452, 424, 308)"
2024-07-24 22:40:49,6,Unknown,"(280, 452, 424, 308)"
2024-07-24 22:40:49,7,Unknown,"(264, 452, 408, 308)"
2024-07-24 22:40:49,5,Unknown,"(280, 452, 424, 308)"
2024-07-24 22:40:49,6,Unknown,"(280, 452, 424, 308)"
2024-07-24 22:40:49,7,Unknown,"(264, 452, 408, 308)"
2024-07-24 22:40:49,5,Unknown,"(280, 452, 424, 308)"
2024-07-24 22:40:49,6,Unknown,"(280, 452, 424, 308)"
2024-07-24 22:40:49,7,Unknown,"(264, 452, 408, 308)"
2024-07-24 22:40:49,5,Unknown,"(280, 452, 424, 308)"
2024-07-24 22:40:49,6,Unknown,"(280, 452, 424, 308)"
2024-07-24 22:40:49,7,Unknown,"(264, 452, 408, 308)"
2024-07-24 22:40:49,5,Unknown,"(280, 452, 424, 308)"
2024-07-24 22:40:49,6,Unknown,"(280, 452, 424, 308)"
2024-07-24 22:40:49,7,Unknown,"(264, 452, 408, 308)"
2024-07-24 22:40:49,5,Unknown,"(280, 452, 424, 308)"
2024-07-24 22:40:49,6,Unknown,"(280, 452, 424, 308)"
2024-07-24 22:40:49,7,Unknown,"(264, 452, 408, 308)"
2024-07-24 22:40:49,5,Unknown,"(280, 452, 424, 308)"
2024-07-24 22:40:49,6,Unknown,"(280, 452, 424, 308)"
2024-07-24 22:40:49,7,Unknown,"(264, 452, 408, 308)"
2024-07-24 22:40:49,5,Unknown,"(280, 452, 424, 308)"
2024-07-24 22:40:49,6,Unknown,"(280, 452, 424, 308)"
2024-07-24 22:40:49,7,Unknown,"(264, 452, 408, 308)"
2024-07-24 22:40:49,5,Unknown,"(280, 452, 424, 308)"
2024-07-24 22:40:49,6,Unknown,"(280, 452, 424, 308)"
2024-07-24 22:40:49,7,Unknown,"(264, 452, 408, 308)"
2024-07-24 22:40:49,5,Unknown,"(280, 452, 424, 308)"
2024-07-24 22:40:49,6,Unknown,"(280, 452, 424, 308)"
2024-07-24 22:40:49,7,Unknown,"(264, 452, 408, 308)"
2024-07-24 22:40:49,5,Unknown,"(280, 452, 424, 308)"
2024-07-24 22:40:49,6,Unknown,"(280, 452, 424, 308)"
2024-07-24 22:40:49,7,Unknown,"(264, 452, 408, 308)"
2024-07-24 22:40:49,5,Unknown,"(280, 452, 424, 308)"
2024-07-24 22:40:49,6,Unknown,"(280, 452, 424, 308)"
2024-07-24 22:40:49,7,Unknown,"(264, 452, 408, 308)"
2024-07-24 22:40:49,5,Unknown,"(280, 452, 424, 308)"
2024-07-24 22:40:49,6,Unknown,"(280, 452, 424, 308)"
2024-07-24 22:40:49,7,Unknown,"(264, 452, 408, 308)"
2024-07-24 22:40:49,5,Unknown,"(280, 452, 424, 308)"
2024-07-24 22:40:49,6,Unknown,"(280, 452, 424, 308)"
2024-07-24 22:40:49,7,Unknown,"(264, 452, 408, 308)"
2024-07-24 22:40:49,5,Unknown,"(280, 452, 424, 308)"
2024-07-24 22:40:49,6,Unknown,"(280, 452, 424, 308)"
2024-07-24 22:40:49,7,Unknown,"(264, 452, 408, 308)"
2024-07-24 22:40:49,5,Unknown,"(280, 452, 424, 308)"
2024-07-24 22:40:49,6,Unknown,"(280, 452, 424, 308)"
2024-07-24 22:40:49,7,Unknown,"(264, 452, 408, 308)"
2024-07-24 22:40:49,5,Unknown,"(280, 452, 424, 308)"
2024-07-24 22:40:49,6,Unknown,"(280, 452, 424, 308)"
2024-07-24 22:40:49,7,Unknown,"(264, 452, 408, 308)"
2024-07-24 22:40:50,5,Unknown,"(280, 452, 424, 308)"
2024-07-24 22:40:50,6,Unknown,"(280, 452, 424, 308)"
2024-07-24 22:40:50,7,Unknown,"(264, 452, 408, 308)"
2024-07-24 22:40:50,5,Unknown,"(280, 452, 424, 308)"
2024-07-24 22:40:50,6,Unknown,"(280, 452, 424, 308)"
2024-07-24 22:40:50,7,Unknown,"(264, 452, 408, 308)"
2024-07-24 22:40:50,5,Unknown,"(280, 452, 424, 308)"
2024-07-24 22:40:50,6,Unknown,"(280, 452, 424, 308)"
2024-07-24 22:40:50,7,Unknown,"(264, 452, 408, 308)"
2024-07-24 22:40:50,5,Unknown,"(280, 452, 424, 308)"
2024-07-24 22:40:50,6,Unknown,"(280, 452, 424, 308)"
2024-07-24 22:40:50,7,Unknown,"(264, 452, 408, 308)"
2024-07-24 22:40:50,5,Unknown,"(280, 452, 424, 308)"
2024-07-24 22:40:50,6,Unknown,"(280, 452, 424, 308)"
2024-07-24 22:40:50,7,Unknown,"(264, 452, 408, 308)"
2024-07-24 22:40:50,5,Unknown,"(280, 452, 424, 308)"
2024-07-24 22:40:50,6,Unknown,"(280, 452, 424, 308)"
2024-07-24 22:40:50,7,Unknown,"(264, 452, 408, 308)"
2024-07-24 22:40:50,5,Unknown,"(280, 452, 424, 308)"
2024-07-24 22:40:50,6,Unknown,"(280, 452, 424, 308)"
2024-07-24 22:40:50,7,Unknown,"(264, 452, 408, 308)"
2024-07-24 22:40:50,5,Unknown,"(280, 452, 424, 308)"
2024-07-24 22:40:50,6,Unknown,"(280, 452, 424, 308)"
2024-07-24 22:40:50,7,Unknown,"(264, 452, 408, 308)"
2024-07-24 22:40:50,5,Unknown,"(280, 452, 424, 308)"
2024-07-24 22:40:50,6,Unknown,"(280, 452, 424, 308)"
2024-07-24 22:40:50,7,Unknown,"(264, 452, 408, 308)"
2024-07-24 22:40:50,5,Unknown,"(280, 452, 424, 308)"
2024-07-24 22:40:50,6,Unknown,"(280, 452, 424, 308)"
2024-07-24 22:40:50,7,Unknown,"(264, 452, 408, 308)"
2024-07-24 22:40:50,5,Unknown,"(280, 452, 424, 308)"
2024-07-24 22:40:50,6,Unknown,"(280, 452, 424, 308)"
2024-07-24 22:40:50,7,Unknown,"(264, 452, 408, 308)"
2024-07-24 22:40:50,5,Unknown,"(280, 452, 424, 308)"
2024-07-24 22:40:50,6,Unknown,"(280, 452, 424, 308)"
2024-07-24 22:40:50,7,Unknown,"(264, 452, 408, 308)"
2024-07-24 22:40:50,5,Unknown,"(280, 452, 424, 308)"
2024-07-24 22:40:50,6,Unknown,"(280, 452, 424, 308)"
2024-07-24 22:40:50,7,Unknown,"(264, 452, 408, 308)"
2024-07-24 22:40:50,5,Unknown,"(280, 452, 424, 308)"
2024-07-24 22:40:50,6,Unknown,"(280, 452, 424, 308)"
2024-07-24 22:40:50,7,Unknown,"(264, 452, 408, 308)"
2024-07-24 22:40:50,5,Unknown,"(280, 452, 424, 308)"
2024-07-24 22:40:50,6,Unknown,"(280, 452, 424, 308)"
2024-07-24 22:40:50,7,Unknown,"(264, 452, 408, 308)"
2024-07-24 22:40:50,5,Unknown,"(280, 452, 424, 308)"
2024-07-24 22:40:50,6,Unknown,"(280, 452, 424, 308)"
2024-07-24 22:40:50,7,Unknown,"(264, 452, 408, 308)"
2024-07-24 22:40:50,5,Unknown,"(280, 452, 424, 308)"
2024-07-24 22:40:50,6,Unknown,"(280, 452, 424, 308)"
2024-07-24 22:40:50,7,Unknown,"(264, 452, 408, 308)"
2024-07-24 22:40:50,5,Unknown,"(280, 452, 424, 308)"
2024-07-24 22:40:50,6,Unknown,"(280, 452, 424, 308)"
2024-07-24 22:40:50,7,Unknown,"(264, 452, 408, 308)"
2024-07-24 22:40:50,5,Unknown,"(280, 452, 424, 308)"
2024-07-24 22:40:50,6,Unknown,"(280, 452, 424, 308)"
2024-07-24 22:40:50,7,Unknown,"(264, 452, 408, 308)"
2024-07-24 22:40:50,5,Unknown,"(280, 452, 424, 308)"
2024-07-24 22:40:50,6,Unknown,"(280, 452, 424, 308)"
2024-07-24 22:40:50,7,Unknown,"(264, 452, 408, 308)"
2024-07-24 22:40:50,5,Unknown,"(280, 452, 424, 308)"
2024-07-24 22:40:50,6,Unknown,"(280, 452, 424, 308)"
2024-07-24 22:40:50,7,Unknown,"(264, 452, 408, 308)"
2024-07-24 22:40:50,5,Unknown,"(280, 452, 424, 308)"
2024-07-24 22:40:50,6,Unknown,"(280, 452, 424, 308)"
2024-07-24 22:40:50,7,Unknown,"(264, 452, 408, 308)"
2024-07-24 22:40:50,5,Unknown,"(280, 452, 424, 308)"
2024-07-24 22:40:50,6,Unknown,"(280, 452, 424, 308)"
2024-07-24 22:40:50,7,Unknown,"(264, 452, 408, 308)"
2024-07-24 22:40:50,5,Unknown,"(280, 452, 424, 308)"
2024-07-24 22:40:50,6,Unknown,"(280, 452, 424, 308)"
2024-07-24 22:40:50,7,Unknown,"(264, 452, 408, 308)"
2024-07-24 22:40:50,5,Unknown,"(280, 452, 424, 308)"
2024-07-24 22:40:50,6,Unknown,"(280, 452, 424, 308)"
2024-07-24 22:40:50,7,Unknown,"(264, 452, 408, 308)"
2024-07-24 22:40:50,5,Unknown,"(280, 452, 424, 308)"
2024-07-24 22:40:50,6,Unknown,"(280, 452, 424, 308)"
2024-07-24 22:40:50,7,Unknown,"(264, 452, 408, 308)"
2024-07-24 22:40:50,5,Unknown,"(280, 452, 424, 308)"
2024-07-24 22:40:50,6,Unknown,"(280, 452, 424, 308)"
2024-07-24 22:40:50,7,Unknown,"(264, 452, 408, 308)"
2024-07-24 22:40:50,5,Unknown,"(280, 452, 424, 308)"
2024-07-24 22:40:50,6,Unknown,"(280, 452, 424, 308)"
2024-07-24 22:40:50,7,Unknown,"(264, 452, 408, 308)"
2024-07-24 22:40:50,5,Unknown,"(280, 452, 424, 308)"
2024-07-24 22:40:50,6,Unknown,"(280, 452, 424, 308)"
2024-07-24 22:40:50,7,Unknown,"(264, 452, 408, 308)"
2024-07-24 22:40:50,5,Unknown,"(280, 452, 424, 308)"
2024-07-24 22:40:50,6,Unknown,"(280, 452, 424, 308)"
2024-07-24 22:40:50,7,Unknown,"(264, 452, 408, 308)"
2024-07-24 22:40:50,5,Unknown,"(280, 452, 424, 308)"
2024-07-24 22:40:50,6,Unknown,"(280, 452, 424, 308)"
2024-07-24 22:40:50,7,Unknown,"(264, 452, 408, 308)"
2024-07-24 22:40:51,5,Unknown,"(280, 452, 424, 308)"
2024-07-24 22:40:51,6,Unknown,"(280, 452, 424, 308)"
2024-07-24 22:40:51,7,Unknown,"(264, 452, 408, 308)"
2024-07-24 22:40:51,5,Unknown,"(280, 452, 424, 308)"
2024-07-24 22:40:51,6,Unknown,"(280, 452, 424, 308)"
2024-07-24 22:40:51,7,Unknown,"(264, 452, 408, 308)"
2024-07-24 22:40:51,5,Unknown,"(280, 452, 424, 308)"
2024-07-24 22:40:51,6,Unknown,"(280, 452, 424, 308)"
2024-07-24 22:40:51,7,Unknown,"(264, 452, 408, 308)"
2024-07-24 22:40:51,5,Unknown,"(280, 452, 424, 308)"
2024-07-24 22:40:51,6,Unknown,"(280, 452, 424, 308)"
2024-07-24 22:40:51,7,Unknown,"(264, 452, 408, 308)"
2024-07-24 22:40:51,5,Unknown,"(280, 452, 424, 308)"
2024-07-24 22:40:51,6,Unknown,"(280, 452, 424, 308)"
2024-07-24 22:40:51,7,Unknown,"(264, 452, 408, 308)"
2024-07-24 22:40:51,5,Unknown,"(280, 452, 424, 308)"
2024-07-24 22:40:51,6,Unknown,"(280, 452, 424, 308)"
2024-07-24 22:40:51,7,Unknown,"(264, 452, 408, 308)"
2024-07-24 22:40:51,5,Unknown,"(280, 452, 424, 308)"
2024-07-24 22:40:51,6,Unknown,"(280, 452, 424, 308)"
2024-07-24 22:40:51,7,Unknown,"(264, 452, 408, 308)"
2024-07-24 22:40:51,5,Unknown,"(280, 452, 424, 308)"
2024-07-24 22:40:51,6,Unknown,"(280, 452, 424, 308)"
2024-07-24 22:40:51,7,Unknown,"(264, 452, 408, 308)"
2024-07-24 22:40:51,5,Unknown,"(280, 452, 424, 308)"
2024-07-24 22:40:51,6,Unknown,"(280, 452, 424, 308)"
2024-07-24 22:40:51,7,Unknown,"(264, 452, 408, 308)"
2024-07-24 22:40:51,6,Unknown,"(280, 452, 424, 308)"
2024-07-24 22:40:51,7,Unknown,"(264, 452, 408, 308)"
2024-07-24 22:40:51,6,Unknown,"(280, 452, 424, 308)"
2024-07-24 22:40:51,7,Unknown,"(264, 452, 408, 308)"
2024-07-24 22:40:51,6,Unknown,"(280, 452, 424, 308)"
2024-07-24 22:40:51,7,Unknown,"(264, 452, 408, 308)"
2024-07-24 22:40:51,6,Unknown,"(280, 452, 424, 308)"
2024-07-24 22:40:51,7,Unknown,"(264, 452, 408, 308)"
2024-07-24 22:40:51,6,Unknown,"(280, 452, 424, 308)"
2024-07-24 22:40:51,7,Unknown,"(264, 452, 408, 308)"
2024-07-24 22:40:51,6,Unknown,"(280, 452, 424, 308)"
2024-07-24 22:40:51,7,Unknown,"(264, 452, 408, 308)"
2024-07-24 22:40:51,6,Unknown,"(280, 452, 424, 308)"
2024-07-24 22:40:51,7,Unknown,"(264, 452, 408, 308)"
2024-07-24 22:40:51,6,Unknown,"(280, 452, 424, 308)"
2024-07-24 22:40:51,7,Unknown,"(264, 452, 408, 308)"
2024-07-24 22:40:51,6,Unknown,"(280, 452, 424, 308)"
2024-07-24 22:40:51,7,Unknown,"(264, 452, 408, 308)"
2024-07-24 22:40:51,6,Unknown,"(280, 452, 424, 308)"
2024-07-24 22:40:51,7,Unknown,"(264, 452, 408, 308)"
2024-07-24 22:40:51,6,Unknown,"(280, 452, 424, 308)"
2024-07-24 22:40:51,7,Unknown,"(264, 452, 408, 308)"
2024-07-24 22:40:51,6,Unknown,"(280, 452, 424, 308)"
2024-07-24 22:40:51,7,Unknown,"(264, 452, 408, 308)"
2024-07-24 22:40:51,6,Unknown,"(280, 452, 424, 308)"
2024-07-24 22:40:51,7,Unknown,"(264, 452, 408, 308)"
2024-07-24 22:40:51,6,Unknown,"(280, 452, 424, 308)"
2024-07-24 22:40:51,7,Unknown,"(264, 452, 408, 308)"
2024-07-24 22:40:51,6,Unknown,"(280, 452, 424, 308)"
2024-07-24 22:40:51,7,Unknown,"(264, 452, 408, 308)"
2024-07-24 22:40:51,7,Unknown,"(264, 452, 408, 308)"
2024-07-24 22:40:51,7,Unknown,"(264, 452, 408, 308)"
2024-07-24 22:40:52,7,Unknown,"(264, 452, 408, 308)"
2024-07-24 22:40:52,7,Unknown,"(264, 452, 408, 308)"
2024-07-24 22:40:52,7,Unknown,"(264, 452, 408, 308)"
2024-07-24 22:40:52,7,Unknown,"(264, 452, 408, 308)"
2024-07-24 22:40:52,7,Unknown,"(264, 452, 408, 308)"
2024-07-24 22:40:52,7,Unknown,"(264, 452, 408, 308)"
2024-07-24 22:40:52,7,Unknown,"(264, 452, 408, 308)"
2024-07-24 22:40:52,7,Unknown,"(264, 452, 408, 308)"
2024-07-24 22:40:52,7,Unknown,"(264, 452, 408, 308)"
2024-07-24 22:40:52,7,Unknown,"(264, 452, 408, 308)"
2024-07-24 22:40:52,7,Unknown,"(264, 452, 408, 308)"
2024-07-24 22:40:52,7,Unknown,"(264, 452, 408, 308)"
